URL,Version,Status,OIDs,Name,Title,Description,Uses,Used,Sources
http://fhir.de/ValueSet/UcumVitalsCommonDE,1.6.0,active,,UCUM_Vitals_Common_DE,UCUM Vitals Common DE,"Dieses ValueSet enthält die innerhalb der deutschen Vitalparameter-Profile zulässigen UCUM-Einheiten. Es dient der konsistenten Einheitenbindung für numerische Messwerte in `value[x]`.","StructureDefinition/mii-pr-icu-muv-kopfumfang,StructureDefinition/mii-pr-icu-muv-koerpergewicht,StructureDefinition/mii-pr-icu-muv-koerpergroesse,StructureDefinition/mii-pr-icu-muv-arterieller-blutdruck","UCUM"
http://fhir.de/ValueSet/VitalSignDE-Atemfrequenz-SNOMED-CT,1.6.0,active,,VitalSignDE_Atemfrequenz_SNOMED_CT,VitalSignDE_Atemfrequenz_SNOMED_CT,"Dieses ValueSet enthält die für Atemfrequenz-Beobachtungen zugelassenen SNOMED-CT-Konzepte. Es dient der semantisch präzisen Codierung entsprechender Vitalparameter.","StructureDefinition/mii-pr-icu-muv-atemfrequenz","SCT"
http://fhir.de/ValueSet/VitalSignDE-Koerpergewicht-SNOMED-CT,1.6.0,active,,VitalSignDE_Koerpergewicht_SNOMED_CT,VitalSignDE_Koerpergewicht_SNOMED_CT,"Dieses ValueSet enthält die für Körpergewichts-Beobachtungen zugelassenen SNOMED-CT-Konzepte. Es dient der semantisch präzisen Codierung entsprechender Vitalparameter.","StructureDefinition/mii-pr-icu-muv-koerpergewicht","SCT"
http://fhir.de/ValueSet/VitalSignDE-Koerpergroesse-SNOMED-CT,1.6.0,active,,VitalSignDE_Koerpergroesse_SNOMED_CT,VitalSignDE_Koerpergroesse_SNOMED_CT,"Dieses ValueSet enthält die für Körpergrößen-Beobachtungen zugelassenen SNOMED-CT-Konzepte. Es dient der semantisch präzisen Codierung entsprechender Vitalparameter.","StructureDefinition/mii-pr-icu-muv-koerpergroesse","SCT"
http://fhir.de/ValueSet/VitalSignDE-Kopfumfang-SNOMED-CT,1.6.0,active,,VitalSignDE_Kopfumfang_SNOMED_CT,VitalSignDE_Kopfumfang_SNOMED_CT,"Dieses ValueSet enthält die für Kopfumfang-Beobachtungen zugelassenen SNOMED-CT-Konzepte. Es dient der semantisch präzisen Codierung entsprechender Vitalparameter.","StructureDefinition/mii-pr-icu-muv-kopfumfang","SCT"
http://fhir.de/ValueSet/VitalSignDE_Body_Length_UCUM,1.6.0,active,,VitalSignDE_Body_Length_UCUM,VitalSignDE_Body_Length_UCUM,"Dieses ValueSet enthält die zulässigen UCUM-Einheiten zur Kodierung von Körperlängen- und Körpergrößenmessungen. Es dient der konsistenten Einheitendarstellung in entsprechenden Vitalparameterprofilen.","StructureDefinition/mii-pr-icu-muv-kopfumfang,StructureDefinition/mii-pr-icu-muv-koerpergroesse","UCUM"
http://fhir.de/ValueSet/VitalSignDE_Body_Weigth_UCUM,1.6.0,active,,VitalSignDE_Body_Weigth_UCUM,VitalSignDE_Body_Weigth_UCUM,"Dieses ValueSet enthält die zulässigen UCUM-Einheiten zur Kodierung von Körpergewicht. Es dient der konsistenten Einheitendarstellung in entsprechenden Vitalparameterprofilen.","StructureDefinition/mii-pr-icu-muv-koerpergewicht","UCUM"
http://hl7.org/fhir/ValueSet/body-site,4.0.1,draft,"2.16.840.1.113883.4.642.3.141",SNOMEDCTBodyStructures,SNOMED CT Body Structures,"This value set includes all codes from [SNOMED CT](http://snomed.info/sct) where concept is-a 442083009 (Anatomical or acquired body site (body structure)).","StructureDefinition/mii-pr-icu-bilanz-ausfuhr-haemofiltration-einzelmesswerte,StructureDefinition/mii-pr-icu-extrakorporales-verfahren,StructureDefinition/mii-pr-icu-score-rass,StructureDefinition/mii-pr-icu-untersuchung-pupillensymmetrie,StructureDefinition/mii-pr-icu-bilanz-ausfuhr-magensonde,StructureDefinition/mii-pr-icu-score-faces-pain-scale-revised,StructureDefinition/mii-pr-icu-score-numerische-ratingskala,StructureDefinition/mii-pr-icu-bilanz,StructureDefinition/mii-pr-icu-bilanz-ausfuhr-fluessigkeit-gesamt,StructureDefinition/mii-pr-icu-muv-atemfrequenz,StructureDefinition/mii-pr-icu-score-cam-icu,StructureDefinition/mii-pr-icu-score-wong-baker-faces-schmerzskala,StructureDefinition/mii-pr-icu-bilanz-einfuhr-muttermilch,StructureDefinition/mii-pr-icu-bilanz-tagesbilanz-fluessigkeit,StructureDefinition/mii-pr-icu-score-icdsc,StructureDefinition/mii-pr-icu-score-visuelle-analogskala,StructureDefinition/mii-pr-icu-bilanz-einfuhr-orale-fluessigkeit,StructureDefinition/mii-pr-icu-bilanz-ausfuhr-wunddrainage,StructureDefinition/mii-pr-icu-muv-kopfumfang,StructureDefinition/mii-pr-icu-muv-koerpergewicht,StructureDefinition/mii-pr-icu-untersuchung-pupillenbefund,StructureDefinition/mii-pr-icu-score-gcs,StructureDefinition/mii-pr-icu-score-zopa,StructureDefinition/mii-pr-icu-bilanz-ausfuhr-gallenfluessigkeit,StructureDefinition/mii-pr-icu-bilanz-ausfuhr-blutverlust,StructureDefinition/mii-pr-icu-score,StructureDefinition/mii-pr-icu-bilanz-einfuhr-abgepumpte-muttermilch,StructureDefinition/mii-pr-icu-bilanz-ausfuhr-stuhlgang,StructureDefinition/mii-pr-icu-bilanz-einfuhr-saeuglingsnahrung,StructureDefinition/mii-pr-icu-beatmung,StructureDefinition/mii-pr-icu-muv-koerpergroesse,StructureDefinition/mii-pr-icu-bilanz-einfuhr-spendermilch,StructureDefinition/mii-pr-icu-bilanz-ausfuhr-pankreasdrainage,StructureDefinition/mii-pr-icu-bilanz-einfuhr-fluessigkeit-gesamt,StructureDefinition/mii-pr-icu-bilanz-ausfuhr-op-drainage,StructureDefinition/mii-pr-icu-muv-arterieller-blutdruck,StructureDefinition/mii-pr-icu-bilanz-einfuhr-enterale-fluessigkeit,StructureDefinition/mii-pr-icu-bilanz-ausfuhr-urin,StructureDefinition/mii-pr-icu-score-sofa,StructureDefinition/mii-pr-icu-bilanz-ausfuhr-drainage-generisch","SCT"
http://hl7.org/fhir/ValueSet/common-tags,4.0.1,draft,"2.16.840.1.113883.4.642.3.79",CommonTags,Common Tags,"Common Tag Codes defined by FHIR project","StructureDefinition/mii-pr-icu-beatmung,StructureDefinition/mii-pr-icu-extrakorporales-verfahren,StructureDefinition/mii-pr-icu-muv-koerperlaenge,StructureDefinition/mii-pr-icu-muv-herzfrequenz,StructureDefinition/mii-pr-icu-muv-zerebraler-perfusionsdruck","THO"
http://hl7.org/fhir/ValueSet/condition-code,4.0.1,draft,"2.16.840.1.113883.4.642.3.161",Condition/Problem/DiagnosisCodes,Condition/Problem/Diagnosis Codes,"Example value set for Condition/Problem/Diagnosis codes.","StructureDefinition/mii-pr-icu-beatmung,StructureDefinition/mii-pr-icu-extrakorporales-verfahren","SCT"
http://hl7.org/fhir/ValueSet/data-absent-reason,4.0.1,active,"2.16.840.1.113883.4.642.3.5",DataAbsentReason,DataAbsentReason,"Used to specify why the normally expected content of the data element is missing.","StructureDefinition/mii-pr-icu-vent-atemzugvolumen-waehrend-beatmung,StructureDefinition/mii-pr-icu-vent-spontanes-atemzugvolumen,StructureDefinition/mii-pr-icu-untersuchung-pupillenform,StructureDefinition/mii-pr-icu-ect-ionisiertes-kalzium-nierenersatzverfahren,StructureDefinition/mii-pr-icu-ect-dauer-extrakorporaler-gasaustausch,StructureDefinition/mii-pr-icu-untersuchung-pupillensymmetrie,StructureDefinition/mii-pr-icu-ect-gasfluss,StructureDefinition/mii-pr-icu-vent-inspiratorischer-gasfluss,StructureDefinition/mii-pr-icu-ect-dauer-haemodialysesitzung,StructureDefinition/mii-pr-icu-bilanz-ausfuhr-magensonde,StructureDefinition/mii-pr-icu-vent-mittlerer-inspiratorischer-beatmungsdruck,StructureDefinition/mii-pr-icu-bilanz,StructureDefinition/mii-pr-icu-score-cam-icu,StructureDefinition/mii-pr-icu-vent-spontanes-plus-mechanisches-atemzugvolumen,StructureDefinition/mii-pr-icu-score-wong-baker-faces-schmerzskala,StructureDefinition/mii-pr-icu-muv-herzfrequenz,StructureDefinition/mii-pr-icu-untersuchung-pupillengroesse,StructureDefinition/mii-pr-icu-vent-spontane-atemfrequenz-beatmet,StructureDefinition/mii-pr-icu-vent-exspiratorischer-sauerstoffpartialdruck,StructureDefinition/mii-pr-icu-score-visuelle-analogskala,StructureDefinition/mii-pr-icu-bilanz-einfuhr-orale-fluessigkeit,StructureDefinition/mii-pr-icu-vent-inspiratorische-sauerstofffraktion,StructureDefinition/mii-pr-icu-bilanz-ausfuhr-wunddrainage,StructureDefinition/mii-pr-icu-untersuchung-pupillenlichtreaktion-indirekt,StructureDefinition/mii-pr-icu-vent-plateau-beatmungsdruck,StructureDefinition/mii-pr-icu-muv-koerpergewicht,StructureDefinition/mii-pr-icu-score-gcs,StructureDefinition/mii-pr-icu-parameter-von-beatmung,StructureDefinition/mii-pr-icu-vent-exspiratorischer-gasfluss,StructureDefinition/mii-pr-icu-score-zopa,StructureDefinition/mii-pr-icu-vent-beatmungszeit-niedrigem-druck,StructureDefinition/mii-pr-icu-ect-blutfluss-cardiovasculaeres-geraet,StructureDefinition/mii-pr-icu-score,StructureDefinition/mii-pr-icu-vent-horowitz-in-arteriellem-blut,StructureDefinition/mii-pr-icu-vent-einstellung-einatmungszeit-beatmung,StructureDefinition/mii-pr-icu-vent-druckdifferenz-beatmung,StructureDefinition/mii-pr-icu-muv-koerpergroesse,StructureDefinition/mii-pr-icu-vent-dynamische-kompliance,StructureDefinition/mii-pr-icu-vent-eingestellter-inspiratorischer-gasfluss,StructureDefinition/mii-pr-icu-bilanz-ausfuhr-pankreasdrainage,StructureDefinition/mii-pr-icu-vent-einstellung-ausatmungszeit-beatmung,StructureDefinition/mii-pr-icu-vent-maximaler-inspiratorischer-beatmungsdruck,StructureDefinition/mii-pr-icu-bilanz-einfuhr-fluessigkeit-gesamt,StructureDefinition/mii-pr-icu-bilanz-ausfuhr-op-drainage,StructureDefinition/mii-pr-icu-vent-spontane-mechanische-atemfrequenz-beatmet,StructureDefinition/mii-pr-icu-bilanz-einfuhr-enterale-fluessigkeit,StructureDefinition/mii-pr-icu-bilanz-ausfuhr-urin,StructureDefinition/mii-pr-icu-bilanz-ausfuhr-haemofiltration-einzelmesswerte,StructureDefinition/mii-pr-icu-vent-atemwegsdruck-mittlerem-expiratorischem-gasfluss,StructureDefinition/mii-pr-icu-vent-mechanische-atemfrequenz-beatmet,StructureDefinition/mii-pr-icu-score-rass,StructureDefinition/mii-pr-icu-muv-koerperlaenge,StructureDefinition/mii-pr-icu-vent-beatmungszeit-hohem-druck,StructureDefinition/mii-pr-icu-muv-zerebraler-perfusionsdruck,StructureDefinition/mii-pr-icu-ect-substituatfluss,StructureDefinition/mii-pr-icu-score-faces-pain-scale-revised,StructureDefinition/mii-pr-icu-score-numerische-ratingskala,StructureDefinition/mii-pr-icu-bilanz-ausfuhr-fluessigkeit-gesamt,StructureDefinition/mii-pr-icu-muv-atemfrequenz,StructureDefinition/mii-pr-icu-untersuchung-pupillenlichtreaktion-direkt,StructureDefinition/mii-pr-icu-ect-venoeser-druck,StructureDefinition/mii-pr-icu-vent-endexpiratorischer-kohlendioxidpartialdruck,StructureDefinition/mii-pr-icu-bilanz-einfuhr-muttermilch,StructureDefinition/mii-pr-icu-vent-zeitverhaeltnis-ein-ausatmung,StructureDefinition/mii-pr-icu-bilanz-tagesbilanz-fluessigkeit,StructureDefinition/mii-pr-icu-score-icdsc,StructureDefinition/mii-pr-icu-vent-mittlerer-beatmungsdruck,StructureDefinition/mii-pr-icu-vent-beatmungsvolumen-min-maschineller-beatmung,StructureDefinition/mii-pr-icu-vent-maximaler-beatmungsdruck,StructureDefinition/mii-pr-icu-vent-unterstuetzungsdruck-beatmung,StructureDefinition/mii-pr-icu-vent-positiv-endexpiratorischer-druck,StructureDefinition/mii-pr-icu-muv-kopfumfang,StructureDefinition/mii-pr-icu-untersuchung-pupillenbefund,StructureDefinition/mii-pr-icu-ect-substituatvolumen,StructureDefinition/mii-pr-icu-vent-atemzugvolumen-einstellung,StructureDefinition/mii-pr-icu-bilanz-ausfuhr-gallenfluessigkeit,StructureDefinition/mii-pr-icu-ect-blutfluss-extrakorporaler-gasaustausch,StructureDefinition/mii-pr-icu-ect-blutflussindex-extrakorporaler-gasaustausch,StructureDefinition/mii-pr-icu-vent-atemwegsdruck-bei-null-expiratorischem-gasfluss,StructureDefinition/mii-pr-icu-ect-haemodialyse-blutfluss,StructureDefinition/mii-pr-icu-ect-arterieller-druck,StructureDefinition/mii-pr-icu-bilanz-ausfuhr-blutverlust,StructureDefinition/mii-pr-icu-bilanz-einfuhr-abgepumpte-muttermilch,StructureDefinition/mii-pr-icu-bilanz-ausfuhr-stuhlgang,StructureDefinition/mii-pr-icu-bilanz-einfuhr-saeuglingsnahrung,StructureDefinition/mii-pr-icu-bilanz-einfuhr-spendermilch,StructureDefinition/mii-pr-icu-parameter-von-extrakorporalen-verfahren,StructureDefinition/mii-pr-icu-muv-arterieller-blutdruck,StructureDefinition/mii-pr-icu-bilanz-ausfuhr-drainage-generisch,StructureDefinition/mii-pr-icu-score-sofa","THO"
http://hl7.org/fhir/ValueSet/device-action,4.0.1,draft,"2.16.840.1.113883.4.642.3.425",ProcedureDeviceActionCodes,Procedure Device Action Codes,"Example codes indicating the change that happened to the device during the procedure.  Note that these are in no way complete and might not even be appropriate for some uses.","StructureDefinition/mii-pr-icu-beatmung,StructureDefinition/mii-pr-icu-extrakorporales-verfahren","SCT"
http://hl7.org/fhir/ValueSet/device-kind,4.0.1,draft,"2.16.840.1.113883.4.642.3.208",FHIRDeviceTypes,FHIR Device Types,"Codes used to identify medical devices. Includes concepts from SNOMED CT (http://www.snomed.org/) where concept is-a 49062001 (Device)  and is provided as a suggestive example.","StructureDefinition/mii-pr-icu-beatmung,StructureDefinition/mii-pr-icu-extrakorporales-verfahren","SCT"
http://hl7.org/fhir/ValueSet/device-nametype,4.0.1,draft,"2.16.840.1.113883.4.642.3.1083",DeviceNameType,DeviceNameType,"The type of name the device is referred by.","StructureDefinition/mii-pr-icu-device","hl7.fhir.r4.core"
http://hl7.org/fhir/ValueSet/device-status,4.0.1,draft,"2.16.840.1.113883.4.642.3.209",FHIRDeviceStatus,FHIRDeviceStatus,"The availability status of the device.","StructureDefinition/mii-pr-icu-device","hl7.fhir.r4.core"
http://hl7.org/fhir/ValueSet/device-status-reason,4.0.1,draft,"2.16.840.1.113883.4.642.3.1081",FHIRDeviceStatusReason,FHIRDeviceStatusReason,"The availability status reason of the device.","StructureDefinition/mii-pr-icu-device","THO"
http://hl7.org/fhir/ValueSet/device-type,4.0.1,draft,"2.16.840.1.113883.4.642.3.1376",DeviceType,Device Type,"Codes used to identify medical devices. Includes concepts from SNOMED CT (http://www.snomed.org/) where concept is-a 49062001 (Device)  and is provided as a suggestive example.","StructureDefinition/mii-pr-icu-device","SCT"
http://hl7.org/fhir/ValueSet/devicemetric-type,4.0.1,draft,"2.16.840.1.113883.6.24,2.16.840.1.113883.4.642.3.645",DeviceMetricAndComponentTypes,Device Metric and Component Types,"Codes used to identify health care device metric types and units and component types as part of the ISO/IEEE 11073-10101 Medical Device Communication Nomenclature.","StructureDefinition/mii-pr-icu-dm-eingest-gem-parameter-extrakorporale-verfahren,StructureDefinition/mii-pr-icu-dm-eingestellte-gemessene-parameter-beatmung","hl7.terminology.r4"
http://hl7.org/fhir/ValueSet/event-status,4.0.1,draft,"2.16.840.1.113883.4.642.3.109",EventStatus,EventStatus,"Codes identifying the lifecycle stage of an event.","StructureDefinition/mii-pr-icu-beatmung,StructureDefinition/mii-pr-icu-extrakorporales-verfahren","hl7.fhir.r4.core"
http://hl7.org/fhir/ValueSet/identifier-type,4.0.1,active,"2.16.840.1.113883.4.642.3.45",Identifier Type Codes,IdentifierType,"A coded type for an identifier that can be used to determine which identifier to use for a specific purpose.","StructureDefinition/mii-pr-icu-device","THO (V2)"
http://hl7.org/fhir/ValueSet/identifier-use,4.0.1,active,"2.16.840.1.113883.4.642.3.57",IdentifierUse,IdentifierUse,"Identifies the purpose for this identifier, if known .","StructureDefinition/mii-pr-icu-device","hl7.fhir.r4.core"
http://hl7.org/fhir/ValueSet/languages,4.0.1,draft,"2.16.840.1.113883.4.642.3.20",CommonLanguages,Common Languages,"This value set includes common codes from BCP-47 (http://tools.ietf.org/html/bcp47)","StructureDefinition/mii-pr-icu-vent-atemzugvolumen-waehrend-beatmung,StructureDefinition/mii-pr-icu-dm-eingest-gem-parameter-extrakorporale-verfahren,StructureDefinition/mii-pr-icu-extrakorporales-verfahren,StructureDefinition/mii-pr-icu-vent-spontanes-atemzugvolumen,StructureDefinition/mii-pr-icu-untersuchung-pupillenform,StructureDefinition/mii-pr-icu-ect-ionisiertes-kalzium-nierenersatzverfahren,StructureDefinition/mii-pr-icu-ect-dauer-extrakorporaler-gasaustausch,StructureDefinition/mii-pr-icu-untersuchung-pupillensymmetrie,StructureDefinition/mii-pr-icu-ect-gasfluss,StructureDefinition/mii-pr-icu-vent-inspiratorischer-gasfluss,StructureDefinition/mii-pr-icu-ect-dauer-haemodialysesitzung,StructureDefinition/mii-pr-icu-bilanz-ausfuhr-magensonde,StructureDefinition/mii-pr-icu-vent-mittlerer-inspiratorischer-beatmungsdruck,StructureDefinition/mii-pr-icu-bilanz,StructureDefinition/mii-pr-icu-score-cam-icu,StructureDefinition/mii-pr-icu-vent-spontanes-plus-mechanisches-atemzugvolumen,StructureDefinition/mii-pr-icu-score-wong-baker-faces-schmerzskala,StructureDefinition/mii-pr-icu-muv-herzfrequenz,StructureDefinition/mii-pr-icu-untersuchung-pupillengroesse,StructureDefinition/mii-pr-icu-vent-spontane-atemfrequenz-beatmet,StructureDefinition/mii-pr-icu-vent-exspiratorischer-sauerstoffpartialdruck,StructureDefinition/mii-pr-icu-score-visuelle-analogskala,StructureDefinition/mii-pr-icu-bilanz-einfuhr-orale-fluessigkeit,StructureDefinition/mii-pr-icu-vent-inspiratorische-sauerstofffraktion,StructureDefinition/mii-pr-icu-bilanz-ausfuhr-wunddrainage,StructureDefinition/mii-pr-icu-untersuchung-pupillenlichtreaktion-indirekt,StructureDefinition/mii-pr-icu-vent-plateau-beatmungsdruck,StructureDefinition/mii-pr-icu-muv-koerpergewicht,StructureDefinition/mii-pr-icu-score-gcs,StructureDefinition/mii-pr-icu-parameter-von-beatmung,StructureDefinition/mii-pr-icu-vent-exspiratorischer-gasfluss,StructureDefinition/mii-pr-icu-score-zopa,StructureDefinition/mii-pr-icu-vent-beatmungszeit-niedrigem-druck,StructureDefinition/mii-pr-icu-ect-blutfluss-cardiovasculaeres-geraet,StructureDefinition/mii-pr-icu-score,StructureDefinition/mii-pr-icu-vent-horowitz-in-arteriellem-blut,StructureDefinition/mii-pr-icu-vent-einstellung-einatmungszeit-beatmung,StructureDefinition/mii-pr-icu-vent-druckdifferenz-beatmung,StructureDefinition/mii-pr-icu-muv-koerpergroesse,StructureDefinition/mii-pr-icu-vent-dynamische-kompliance,StructureDefinition/mii-pr-icu-vent-eingestellter-inspiratorischer-gasfluss,StructureDefinition/mii-pr-icu-bilanz-ausfuhr-pankreasdrainage,StructureDefinition/mii-pr-icu-vent-einstellung-ausatmungszeit-beatmung,StructureDefinition/mii-pr-icu-vent-maximaler-inspiratorischer-beatmungsdruck,StructureDefinition/mii-pr-icu-bilanz-einfuhr-fluessigkeit-gesamt,StructureDefinition/mii-pr-icu-bilanz-ausfuhr-op-drainage,StructureDefinition/mii-pr-icu-vent-spontane-mechanische-atemfrequenz-beatmet,StructureDefinition/mii-pr-icu-bilanz-einfuhr-enterale-fluessigkeit,StructureDefinition/mii-pr-icu-bilanz-ausfuhr-urin,StructureDefinition/mii-pr-icu-bilanz-ausfuhr-haemofiltration-einzelmesswerte,StructureDefinition/mii-pr-icu-vent-atemwegsdruck-mittlerem-expiratorischem-gasfluss,StructureDefinition/mii-pr-icu-dm-eingestellte-gemessene-parameter-beatmung,StructureDefinition/mii-pr-icu-vent-mechanische-atemfrequenz-beatmet,StructureDefinition/mii-pr-icu-score-rass,StructureDefinition/mii-pr-icu-muv-koerperlaenge,StructureDefinition/mii-pr-icu-vent-beatmungszeit-hohem-druck,StructureDefinition/mii-pr-icu-muv-zerebraler-perfusionsdruck,StructureDefinition/mii-pr-icu-ect-substituatfluss,StructureDefinition/mii-pr-icu-score-faces-pain-scale-revised,StructureDefinition/mii-pr-icu-score-numerische-ratingskala,StructureDefinition/mii-pr-icu-bilanz-ausfuhr-fluessigkeit-gesamt,StructureDefinition/mii-pr-icu-muv-atemfrequenz,StructureDefinition/mii-pr-icu-untersuchung-pupillenlichtreaktion-direkt,StructureDefinition/mii-pr-icu-ect-venoeser-druck,StructureDefinition/mii-pr-icu-vent-endexpiratorischer-kohlendioxidpartialdruck,StructureDefinition/mii-pr-icu-bilanz-einfuhr-muttermilch,StructureDefinition/mii-pr-icu-vent-zeitverhaeltnis-ein-ausatmung,StructureDefinition/mii-pr-icu-bilanz-tagesbilanz-fluessigkeit,StructureDefinition/mii-pr-icu-score-icdsc,StructureDefinition/mii-pr-icu-vent-mittlerer-beatmungsdruck,StructureDefinition/mii-pr-icu-vent-beatmungsvolumen-min-maschineller-beatmung,StructureDefinition/mii-pr-icu-vent-maximaler-beatmungsdruck,StructureDefinition/mii-pr-icu-vent-unterstuetzungsdruck-beatmung,StructureDefinition/mii-pr-icu-vent-positiv-endexpiratorischer-druck,StructureDefinition/mii-pr-icu-muv-kopfumfang,StructureDefinition/mii-pr-icu-untersuchung-pupillenbefund,StructureDefinition/mii-pr-icu-ect-substituatvolumen,StructureDefinition/mii-pr-icu-device,StructureDefinition/mii-pr-icu-vent-atemzugvolumen-einstellung,StructureDefinition/mii-pr-icu-bilanz-ausfuhr-gallenfluessigkeit,StructureDefinition/mii-pr-icu-ect-blutfluss-extrakorporaler-gasaustausch,StructureDefinition/mii-pr-icu-ect-blutflussindex-extrakorporaler-gasaustausch,StructureDefinition/mii-pr-icu-vent-atemwegsdruck-bei-null-expiratorischem-gasfluss,StructureDefinition/mii-pr-icu-ect-haemodialyse-blutfluss,StructureDefinition/mii-pr-icu-ect-arterieller-druck,StructureDefinition/mii-pr-icu-bilanz-ausfuhr-blutverlust,StructureDefinition/mii-pr-icu-bilanz-einfuhr-abgepumpte-muttermilch,StructureDefinition/mii-pr-icu-bilanz-ausfuhr-stuhlgang,StructureDefinition/mii-pr-icu-bilanz-einfuhr-saeuglingsnahrung,StructureDefinition/mii-pr-icu-beatmung,StructureDefinition/mii-pr-icu-bilanz-einfuhr-spendermilch,StructureDefinition/mii-pr-icu-parameter-von-extrakorporalen-verfahren,StructureDefinition/mii-pr-icu-muv-arterieller-blutdruck,StructureDefinition/mii-pr-icu-bilanz-ausfuhr-drainage-generisch,StructureDefinition/mii-pr-icu-score-sofa","hl7.fhir.uv.xver-r5.r4"
http://hl7.org/fhir/ValueSet/metric-calibration-state,4.0.1,draft,"2.16.840.1.113883.4.642.3.652",DeviceMetricCalibrationState,DeviceMetricCalibrationState,"Describes the state of a metric calibration.","StructureDefinition/mii-pr-icu-dm-eingest-gem-parameter-extrakorporale-verfahren,StructureDefinition/mii-pr-icu-dm-eingestellte-gemessene-parameter-beatmung","hl7.fhir.r4.core"
http://hl7.org/fhir/ValueSet/metric-calibration-type,4.0.1,draft,"2.16.840.1.113883.4.642.3.650",DeviceMetricCalibrationType,DeviceMetricCalibrationType,"Describes the type of a metric calibration.","StructureDefinition/mii-pr-icu-dm-eingest-gem-parameter-extrakorporale-verfahren,StructureDefinition/mii-pr-icu-dm-eingestellte-gemessene-parameter-beatmung","hl7.fhir.r4.core"
http://hl7.org/fhir/ValueSet/metric-category,4.0.1,draft,"2.16.840.1.113883.4.642.3.648",DeviceMetricCategory,DeviceMetricCategory,"Describes the category of the metric.","StructureDefinition/mii-pr-icu-dm-eingest-gem-parameter-extrakorporale-verfahren,StructureDefinition/mii-pr-icu-dm-eingestellte-gemessene-parameter-beatmung","hl7.fhir.r4.core"
http://hl7.org/fhir/ValueSet/metric-color,4.0.1,draft,"2.16.840.1.113883.4.642.3.654",DeviceMetricColor,DeviceMetricColor,"Describes the typical color of representation.","StructureDefinition/mii-pr-icu-dm-eingest-gem-parameter-extrakorporale-verfahren,StructureDefinition/mii-pr-icu-dm-eingestellte-gemessene-parameter-beatmung","hl7.fhir.r4.core"
http://hl7.org/fhir/ValueSet/metric-operational-status,4.0.1,draft,"2.16.840.1.113883.4.642.3.646",DeviceMetricOperationalStatus,DeviceMetricOperationalStatus,"Describes the operational status of the DeviceMetric.","StructureDefinition/mii-pr-icu-dm-eingest-gem-parameter-extrakorporale-verfahren,StructureDefinition/mii-pr-icu-dm-eingestellte-gemessene-parameter-beatmung","hl7.fhir.r4.core"
http://hl7.org/fhir/ValueSet/observation-category,4.0.1,draft,"2.16.840.1.113883.4.642.3.403",ObservationCategoryCodes,Observation Category Codes,"Observation Category codes.","StructureDefinition/mii-pr-icu-untersuchung-pupillenform,StructureDefinition/mii-pr-icu-ect-ionisiertes-kalzium-nierenersatzverfahren,StructureDefinition/mii-pr-icu-ect-dauer-extrakorporaler-gasaustausch,StructureDefinition/mii-pr-icu-untersuchung-pupillensymmetrie,StructureDefinition/mii-pr-icu-ect-gasfluss,StructureDefinition/mii-pr-icu-ect-dauer-haemodialysesitzung,StructureDefinition/mii-pr-icu-bilanz-ausfuhr-magensonde,StructureDefinition/mii-pr-icu-bilanz,StructureDefinition/mii-pr-icu-score-cam-icu,StructureDefinition/mii-pr-icu-score-wong-baker-faces-schmerzskala,StructureDefinition/mii-pr-icu-muv-herzfrequenz,StructureDefinition/mii-pr-icu-untersuchung-pupillengroesse,StructureDefinition/mii-pr-icu-score-visuelle-analogskala,StructureDefinition/mii-pr-icu-bilanz-einfuhr-orale-fluessigkeit,StructureDefinition/mii-pr-icu-bilanz-ausfuhr-wunddrainage,StructureDefinition/mii-pr-icu-untersuchung-pupillenlichtreaktion-indirekt,StructureDefinition/mii-pr-icu-muv-koerpergewicht,StructureDefinition/mii-pr-icu-score-gcs,StructureDefinition/mii-pr-icu-score-zopa,StructureDefinition/mii-pr-icu-ect-blutfluss-cardiovasculaeres-geraet,StructureDefinition/mii-pr-icu-score,StructureDefinition/mii-pr-icu-muv-koerpergroesse,StructureDefinition/mii-pr-icu-bilanz-ausfuhr-pankreasdrainage,StructureDefinition/mii-pr-icu-bilanz-einfuhr-fluessigkeit-gesamt,StructureDefinition/mii-pr-icu-bilanz-ausfuhr-op-drainage,StructureDefinition/mii-pr-icu-bilanz-einfuhr-enterale-fluessigkeit,StructureDefinition/mii-pr-icu-bilanz-ausfuhr-urin,StructureDefinition/mii-pr-icu-bilanz-ausfuhr-haemofiltration-einzelmesswerte,StructureDefinition/mii-pr-icu-score-rass,StructureDefinition/mii-pr-icu-muv-koerperlaenge,StructureDefinition/mii-pr-icu-muv-zerebraler-perfusionsdruck,StructureDefinition/mii-pr-icu-ect-substituatfluss,StructureDefinition/mii-pr-icu-score-faces-pain-scale-revised,StructureDefinition/mii-pr-icu-score-numerische-ratingskala,StructureDefinition/mii-pr-icu-bilanz-ausfuhr-fluessigkeit-gesamt,StructureDefinition/mii-pr-icu-muv-atemfrequenz,StructureDefinition/mii-pr-icu-untersuchung-pupillenlichtreaktion-direkt,StructureDefinition/mii-pr-icu-ect-venoeser-druck,StructureDefinition/mii-pr-icu-bilanz-einfuhr-muttermilch,StructureDefinition/mii-pr-icu-bilanz-tagesbilanz-fluessigkeit,StructureDefinition/mii-pr-icu-score-icdsc,StructureDefinition/mii-pr-icu-muv-kopfumfang,StructureDefinition/mii-pr-icu-untersuchung-pupillenbefund,StructureDefinition/mii-pr-icu-ect-substituatvolumen,StructureDefinition/mii-pr-icu-bilanz-ausfuhr-gallenfluessigkeit,StructureDefinition/mii-pr-icu-ect-blutfluss-extrakorporaler-gasaustausch,StructureDefinition/mii-pr-icu-ect-blutflussindex-extrakorporaler-gasaustausch,StructureDefinition/mii-pr-icu-ect-haemodialyse-blutfluss,StructureDefinition/mii-pr-icu-ect-arterieller-druck,StructureDefinition/mii-pr-icu-bilanz-ausfuhr-blutverlust,StructureDefinition/mii-pr-icu-bilanz-einfuhr-abgepumpte-muttermilch,StructureDefinition/mii-pr-icu-bilanz-ausfuhr-stuhlgang,StructureDefinition/mii-pr-icu-bilanz-einfuhr-saeuglingsnahrung,StructureDefinition/mii-pr-icu-bilanz-einfuhr-spendermilch,StructureDefinition/mii-pr-icu-parameter-von-extrakorporalen-verfahren,StructureDefinition/mii-pr-icu-muv-arterieller-blutdruck,StructureDefinition/mii-pr-icu-bilanz-ausfuhr-drainage-generisch,StructureDefinition/mii-pr-icu-score-sofa","THO"
http://hl7.org/fhir/ValueSet/observation-codes,4.0.1,draft,"2.16.840.1.113883.4.642.3.396",LOINCCodes,LOINC Codes,"This value set includes all LOINC codes","StructureDefinition/mii-pr-icu-vent-atemzugvolumen-waehrend-beatmung,StructureDefinition/mii-pr-icu-vent-spontanes-atemzugvolumen,StructureDefinition/mii-pr-icu-untersuchung-pupillenform,StructureDefinition/mii-pr-icu-ect-ionisiertes-kalzium-nierenersatzverfahren,StructureDefinition/mii-pr-icu-ect-dauer-extrakorporaler-gasaustausch,StructureDefinition/mii-pr-icu-untersuchung-pupillensymmetrie,StructureDefinition/mii-pr-icu-ect-gasfluss,StructureDefinition/mii-pr-icu-vent-inspiratorischer-gasfluss,StructureDefinition/mii-pr-icu-ect-dauer-haemodialysesitzung,StructureDefinition/mii-pr-icu-bilanz-ausfuhr-magensonde,StructureDefinition/mii-pr-icu-vent-mittlerer-inspiratorischer-beatmungsdruck,StructureDefinition/mii-pr-icu-bilanz,StructureDefinition/mii-pr-icu-score-cam-icu,StructureDefinition/mii-pr-icu-vent-spontanes-plus-mechanisches-atemzugvolumen,StructureDefinition/mii-pr-icu-score-wong-baker-faces-schmerzskala,StructureDefinition/mii-pr-icu-muv-herzfrequenz,StructureDefinition/mii-pr-icu-untersuchung-pupillengroesse,StructureDefinition/mii-pr-icu-vent-spontane-atemfrequenz-beatmet,StructureDefinition/mii-pr-icu-vent-exspiratorischer-sauerstoffpartialdruck,StructureDefinition/mii-pr-icu-score-visuelle-analogskala,StructureDefinition/mii-pr-icu-bilanz-einfuhr-orale-fluessigkeit,StructureDefinition/mii-pr-icu-vent-inspiratorische-sauerstofffraktion,StructureDefinition/mii-pr-icu-bilanz-ausfuhr-wunddrainage,StructureDefinition/mii-pr-icu-untersuchung-pupillenlichtreaktion-indirekt,StructureDefinition/mii-pr-icu-vent-plateau-beatmungsdruck,StructureDefinition/mii-pr-icu-muv-koerpergewicht,StructureDefinition/mii-pr-icu-score-gcs,StructureDefinition/mii-pr-icu-parameter-von-beatmung,StructureDefinition/mii-pr-icu-vent-exspiratorischer-gasfluss,StructureDefinition/mii-pr-icu-score-zopa,StructureDefinition/mii-pr-icu-vent-beatmungszeit-niedrigem-druck,StructureDefinition/mii-pr-icu-ect-blutfluss-cardiovasculaeres-geraet,StructureDefinition/mii-pr-icu-score,StructureDefinition/mii-pr-icu-vent-horowitz-in-arteriellem-blut,StructureDefinition/mii-pr-icu-vent-einstellung-einatmungszeit-beatmung,StructureDefinition/mii-pr-icu-vent-druckdifferenz-beatmung,StructureDefinition/mii-pr-icu-muv-koerpergroesse,StructureDefinition/mii-pr-icu-vent-dynamische-kompliance,StructureDefinition/mii-pr-icu-vent-eingestellter-inspiratorischer-gasfluss,StructureDefinition/mii-pr-icu-bilanz-ausfuhr-pankreasdrainage,StructureDefinition/mii-pr-icu-vent-einstellung-ausatmungszeit-beatmung,StructureDefinition/mii-pr-icu-vent-maximaler-inspiratorischer-beatmungsdruck,StructureDefinition/mii-pr-icu-bilanz-einfuhr-fluessigkeit-gesamt,StructureDefinition/mii-pr-icu-bilanz-ausfuhr-op-drainage,StructureDefinition/mii-pr-icu-vent-spontane-mechanische-atemfrequenz-beatmet,StructureDefinition/mii-pr-icu-bilanz-einfuhr-enterale-fluessigkeit,StructureDefinition/mii-pr-icu-bilanz-ausfuhr-urin,StructureDefinition/mii-pr-icu-bilanz-ausfuhr-haemofiltration-einzelmesswerte,StructureDefinition/mii-pr-icu-vent-atemwegsdruck-mittlerem-expiratorischem-gasfluss,StructureDefinition/mii-pr-icu-vent-mechanische-atemfrequenz-beatmet,StructureDefinition/mii-pr-icu-score-rass,StructureDefinition/mii-pr-icu-muv-koerperlaenge,StructureDefinition/mii-pr-icu-vent-beatmungszeit-hohem-druck,StructureDefinition/mii-pr-icu-muv-zerebraler-perfusionsdruck,StructureDefinition/mii-pr-icu-ect-substituatfluss,StructureDefinition/mii-pr-icu-score-faces-pain-scale-revised,StructureDefinition/mii-pr-icu-score-numerische-ratingskala,StructureDefinition/mii-pr-icu-bilanz-ausfuhr-fluessigkeit-gesamt,StructureDefinition/mii-pr-icu-muv-atemfrequenz,StructureDefinition/mii-pr-icu-untersuchung-pupillenlichtreaktion-direkt,StructureDefinition/mii-pr-icu-ect-venoeser-druck,StructureDefinition/mii-pr-icu-vent-endexpiratorischer-kohlendioxidpartialdruck,StructureDefinition/mii-pr-icu-bilanz-einfuhr-muttermilch,StructureDefinition/mii-pr-icu-vent-zeitverhaeltnis-ein-ausatmung,StructureDefinition/mii-pr-icu-bilanz-tagesbilanz-fluessigkeit,StructureDefinition/mii-pr-icu-score-icdsc,StructureDefinition/mii-pr-icu-vent-mittlerer-beatmungsdruck,StructureDefinition/mii-pr-icu-vent-beatmungsvolumen-min-maschineller-beatmung,StructureDefinition/mii-pr-icu-vent-maximaler-beatmungsdruck,StructureDefinition/mii-pr-icu-vent-unterstuetzungsdruck-beatmung,StructureDefinition/mii-pr-icu-vent-positiv-endexpiratorischer-druck,StructureDefinition/mii-pr-icu-muv-kopfumfang,StructureDefinition/mii-pr-icu-untersuchung-pupillenbefund,StructureDefinition/mii-pr-icu-ect-substituatvolumen,StructureDefinition/mii-pr-icu-vent-atemzugvolumen-einstellung,StructureDefinition/mii-pr-icu-bilanz-ausfuhr-gallenfluessigkeit,StructureDefinition/mii-pr-icu-ect-blutfluss-extrakorporaler-gasaustausch,StructureDefinition/mii-pr-icu-ect-blutflussindex-extrakorporaler-gasaustausch,StructureDefinition/mii-pr-icu-vent-atemwegsdruck-bei-null-expiratorischem-gasfluss,StructureDefinition/mii-pr-icu-ect-haemodialyse-blutfluss,StructureDefinition/mii-pr-icu-ect-arterieller-druck,StructureDefinition/mii-pr-icu-bilanz-ausfuhr-blutverlust,StructureDefinition/mii-pr-icu-bilanz-einfuhr-abgepumpte-muttermilch,StructureDefinition/mii-pr-icu-bilanz-ausfuhr-stuhlgang,StructureDefinition/mii-pr-icu-bilanz-einfuhr-saeuglingsnahrung,StructureDefinition/mii-pr-icu-bilanz-einfuhr-spendermilch,StructureDefinition/mii-pr-icu-parameter-von-extrakorporalen-verfahren,StructureDefinition/mii-pr-icu-muv-arterieller-blutdruck,StructureDefinition/mii-pr-icu-bilanz-ausfuhr-drainage-generisch,StructureDefinition/mii-pr-icu-score-sofa","LOINC"
http://hl7.org/fhir/ValueSet/observation-interpretation,4.0.1,active,"2.16.840.1.113883.4.642.3.399",ObservationInterpretationCodes,Observation Interpretation Codes,"A categorical assessment, providing a rough qualitative interpretation of the observation value,    such as “normal”/ “abnormal”,”low” / “high”, “better” / “worse”, “susceptible” / “resistant”, “expected”/ “not expected”.    The value set is intended to be for ANY use where coded representation of an interpretation is needed.             Notes:          This is being communicated in v2.x in OBX-8 (Observation Interpretation), in v3 in ObservationInterpretation (CWE) in R1 (Representative Realm) and in FHIR in    Observation.interpretation. Historically these values come from the laboratory domain, and these codes are extensively    used. The value set binding is extensible, so codes outside the value set that are needed for interpretation concepts    (i.e. particular meanings) that are not included in the value set can be used, and these new codes may also be added to    the value set and published in a future version.","StructureDefinition/mii-pr-icu-vent-atemzugvolumen-waehrend-beatmung,StructureDefinition/mii-pr-icu-vent-spontanes-atemzugvolumen,StructureDefinition/mii-pr-icu-untersuchung-pupillenform,StructureDefinition/mii-pr-icu-ect-ionisiertes-kalzium-nierenersatzverfahren,StructureDefinition/mii-pr-icu-ect-dauer-extrakorporaler-gasaustausch,StructureDefinition/mii-pr-icu-untersuchung-pupillensymmetrie,StructureDefinition/mii-pr-icu-ect-gasfluss,StructureDefinition/mii-pr-icu-vent-inspiratorischer-gasfluss,StructureDefinition/mii-pr-icu-ect-dauer-haemodialysesitzung,StructureDefinition/mii-pr-icu-bilanz-ausfuhr-magensonde,StructureDefinition/mii-pr-icu-vent-mittlerer-inspiratorischer-beatmungsdruck,StructureDefinition/mii-pr-icu-bilanz,StructureDefinition/mii-pr-icu-score-cam-icu,StructureDefinition/mii-pr-icu-vent-spontanes-plus-mechanisches-atemzugvolumen,StructureDefinition/mii-pr-icu-score-wong-baker-faces-schmerzskala,StructureDefinition/mii-pr-icu-muv-herzfrequenz,StructureDefinition/mii-pr-icu-untersuchung-pupillengroesse,StructureDefinition/mii-pr-icu-vent-spontane-atemfrequenz-beatmet,StructureDefinition/mii-pr-icu-vent-exspiratorischer-sauerstoffpartialdruck,StructureDefinition/mii-pr-icu-score-visuelle-analogskala,StructureDefinition/mii-pr-icu-bilanz-einfuhr-orale-fluessigkeit,StructureDefinition/mii-pr-icu-vent-inspiratorische-sauerstofffraktion,StructureDefinition/mii-pr-icu-bilanz-ausfuhr-wunddrainage,StructureDefinition/mii-pr-icu-untersuchung-pupillenlichtreaktion-indirekt,StructureDefinition/mii-pr-icu-vent-plateau-beatmungsdruck,StructureDefinition/mii-pr-icu-muv-koerpergewicht,StructureDefinition/mii-pr-icu-score-gcs,StructureDefinition/mii-pr-icu-parameter-von-beatmung,StructureDefinition/mii-pr-icu-vent-exspiratorischer-gasfluss,StructureDefinition/mii-pr-icu-score-zopa,StructureDefinition/mii-pr-icu-vent-beatmungszeit-niedrigem-druck,StructureDefinition/mii-pr-icu-ect-blutfluss-cardiovasculaeres-geraet,StructureDefinition/mii-pr-icu-score,StructureDefinition/mii-pr-icu-vent-horowitz-in-arteriellem-blut,StructureDefinition/mii-pr-icu-vent-einstellung-einatmungszeit-beatmung,StructureDefinition/mii-pr-icu-vent-druckdifferenz-beatmung,StructureDefinition/mii-pr-icu-muv-koerpergroesse,StructureDefinition/mii-pr-icu-vent-dynamische-kompliance,StructureDefinition/mii-pr-icu-vent-eingestellter-inspiratorischer-gasfluss,StructureDefinition/mii-pr-icu-bilanz-ausfuhr-pankreasdrainage,StructureDefinition/mii-pr-icu-vent-einstellung-ausatmungszeit-beatmung,StructureDefinition/mii-pr-icu-vent-maximaler-inspiratorischer-beatmungsdruck,StructureDefinition/mii-pr-icu-bilanz-einfuhr-fluessigkeit-gesamt,StructureDefinition/mii-pr-icu-bilanz-ausfuhr-op-drainage,StructureDefinition/mii-pr-icu-vent-spontane-mechanische-atemfrequenz-beatmet,StructureDefinition/mii-pr-icu-bilanz-einfuhr-enterale-fluessigkeit,StructureDefinition/mii-pr-icu-bilanz-ausfuhr-urin,StructureDefinition/mii-pr-icu-bilanz-ausfuhr-haemofiltration-einzelmesswerte,StructureDefinition/mii-pr-icu-vent-atemwegsdruck-mittlerem-expiratorischem-gasfluss,StructureDefinition/mii-pr-icu-vent-mechanische-atemfrequenz-beatmet,StructureDefinition/mii-pr-icu-score-rass,StructureDefinition/mii-pr-icu-muv-koerperlaenge,StructureDefinition/mii-pr-icu-vent-beatmungszeit-hohem-druck,StructureDefinition/mii-pr-icu-muv-zerebraler-perfusionsdruck,StructureDefinition/mii-pr-icu-ect-substituatfluss,StructureDefinition/mii-pr-icu-score-faces-pain-scale-revised,StructureDefinition/mii-pr-icu-score-numerische-ratingskala,StructureDefinition/mii-pr-icu-bilanz-ausfuhr-fluessigkeit-gesamt,StructureDefinition/mii-pr-icu-muv-atemfrequenz,StructureDefinition/mii-pr-icu-untersuchung-pupillenlichtreaktion-direkt,StructureDefinition/mii-pr-icu-ect-venoeser-druck,StructureDefinition/mii-pr-icu-vent-endexpiratorischer-kohlendioxidpartialdruck,StructureDefinition/mii-pr-icu-bilanz-einfuhr-muttermilch,StructureDefinition/mii-pr-icu-vent-zeitverhaeltnis-ein-ausatmung,StructureDefinition/mii-pr-icu-bilanz-tagesbilanz-fluessigkeit,StructureDefinition/mii-pr-icu-score-icdsc,StructureDefinition/mii-pr-icu-vent-mittlerer-beatmungsdruck,StructureDefinition/mii-pr-icu-vent-beatmungsvolumen-min-maschineller-beatmung,StructureDefinition/mii-pr-icu-vent-maximaler-beatmungsdruck,StructureDefinition/mii-pr-icu-vent-unterstuetzungsdruck-beatmung,StructureDefinition/mii-pr-icu-vent-positiv-endexpiratorischer-druck,StructureDefinition/mii-pr-icu-muv-kopfumfang,StructureDefinition/mii-pr-icu-untersuchung-pupillenbefund,StructureDefinition/mii-pr-icu-ect-substituatvolumen,StructureDefinition/mii-pr-icu-vent-atemzugvolumen-einstellung,StructureDefinition/mii-pr-icu-bilanz-ausfuhr-gallenfluessigkeit,StructureDefinition/mii-pr-icu-ect-blutfluss-extrakorporaler-gasaustausch,StructureDefinition/mii-pr-icu-ect-blutflussindex-extrakorporaler-gasaustausch,StructureDefinition/mii-pr-icu-vent-atemwegsdruck-bei-null-expiratorischem-gasfluss,StructureDefinition/mii-pr-icu-ect-haemodialyse-blutfluss,StructureDefinition/mii-pr-icu-ect-arterieller-druck,StructureDefinition/mii-pr-icu-bilanz-ausfuhr-blutverlust,StructureDefinition/mii-pr-icu-bilanz-einfuhr-abgepumpte-muttermilch,StructureDefinition/mii-pr-icu-bilanz-ausfuhr-stuhlgang,StructureDefinition/mii-pr-icu-bilanz-einfuhr-saeuglingsnahrung,StructureDefinition/mii-pr-icu-bilanz-einfuhr-spendermilch,StructureDefinition/mii-pr-icu-parameter-von-extrakorporalen-verfahren,StructureDefinition/mii-pr-icu-muv-arterieller-blutdruck,StructureDefinition/mii-pr-icu-bilanz-ausfuhr-drainage-generisch,StructureDefinition/mii-pr-icu-score-sofa","THO (V3)"
http://hl7.org/fhir/ValueSet/observation-methods,4.0.1,draft,"2.16.840.1.113883.4.642.3.395",ObservationMethods,Observation Methods,"Observation Method codes from [SNOMED CT](http://snomed.info/sct) where concept is-a 272394005 (Technique (qualifier value)) or is-a 129264002 (Action (qualifier value)) or is-a 386053000 (Evaluation procedure(procedure))","StructureDefinition/mii-pr-icu-vent-atemzugvolumen-waehrend-beatmung,StructureDefinition/mii-pr-icu-vent-spontanes-atemzugvolumen,StructureDefinition/mii-pr-icu-untersuchung-pupillenform,StructureDefinition/mii-pr-icu-ect-ionisiertes-kalzium-nierenersatzverfahren,StructureDefinition/mii-pr-icu-ect-dauer-extrakorporaler-gasaustausch,StructureDefinition/mii-pr-icu-untersuchung-pupillensymmetrie,StructureDefinition/mii-pr-icu-ect-gasfluss,StructureDefinition/mii-pr-icu-vent-inspiratorischer-gasfluss,StructureDefinition/mii-pr-icu-ect-dauer-haemodialysesitzung,StructureDefinition/mii-pr-icu-bilanz-ausfuhr-magensonde,StructureDefinition/mii-pr-icu-vent-mittlerer-inspiratorischer-beatmungsdruck,StructureDefinition/mii-pr-icu-bilanz,StructureDefinition/mii-pr-icu-score-cam-icu,StructureDefinition/mii-pr-icu-vent-spontanes-plus-mechanisches-atemzugvolumen,StructureDefinition/mii-pr-icu-score-wong-baker-faces-schmerzskala,StructureDefinition/mii-pr-icu-muv-herzfrequenz,StructureDefinition/mii-pr-icu-untersuchung-pupillengroesse,StructureDefinition/mii-pr-icu-vent-spontane-atemfrequenz-beatmet,StructureDefinition/mii-pr-icu-vent-exspiratorischer-sauerstoffpartialdruck,StructureDefinition/mii-pr-icu-score-visuelle-analogskala,StructureDefinition/mii-pr-icu-bilanz-einfuhr-orale-fluessigkeit,StructureDefinition/mii-pr-icu-vent-inspiratorische-sauerstofffraktion,StructureDefinition/mii-pr-icu-bilanz-ausfuhr-wunddrainage,StructureDefinition/mii-pr-icu-untersuchung-pupillenlichtreaktion-indirekt,StructureDefinition/mii-pr-icu-vent-plateau-beatmungsdruck,StructureDefinition/mii-pr-icu-muv-koerpergewicht,StructureDefinition/mii-pr-icu-score-gcs,StructureDefinition/mii-pr-icu-parameter-von-beatmung,StructureDefinition/mii-pr-icu-vent-exspiratorischer-gasfluss,StructureDefinition/mii-pr-icu-score-zopa,StructureDefinition/mii-pr-icu-vent-beatmungszeit-niedrigem-druck,StructureDefinition/mii-pr-icu-ect-blutfluss-cardiovasculaeres-geraet,StructureDefinition/mii-pr-icu-score,StructureDefinition/mii-pr-icu-vent-horowitz-in-arteriellem-blut,StructureDefinition/mii-pr-icu-vent-einstellung-einatmungszeit-beatmung,StructureDefinition/mii-pr-icu-vent-druckdifferenz-beatmung,StructureDefinition/mii-pr-icu-muv-koerpergroesse,StructureDefinition/mii-pr-icu-vent-dynamische-kompliance,StructureDefinition/mii-pr-icu-vent-eingestellter-inspiratorischer-gasfluss,StructureDefinition/mii-pr-icu-bilanz-ausfuhr-pankreasdrainage,StructureDefinition/mii-pr-icu-vent-einstellung-ausatmungszeit-beatmung,StructureDefinition/mii-pr-icu-vent-maximaler-inspiratorischer-beatmungsdruck,StructureDefinition/mii-pr-icu-bilanz-einfuhr-fluessigkeit-gesamt,StructureDefinition/mii-pr-icu-bilanz-ausfuhr-op-drainage,StructureDefinition/mii-pr-icu-vent-spontane-mechanische-atemfrequenz-beatmet,StructureDefinition/mii-pr-icu-bilanz-einfuhr-enterale-fluessigkeit,StructureDefinition/mii-pr-icu-bilanz-ausfuhr-urin,StructureDefinition/mii-pr-icu-bilanz-ausfuhr-haemofiltration-einzelmesswerte,StructureDefinition/mii-pr-icu-vent-atemwegsdruck-mittlerem-expiratorischem-gasfluss,StructureDefinition/mii-pr-icu-vent-mechanische-atemfrequenz-beatmet,StructureDefinition/mii-pr-icu-score-rass,StructureDefinition/mii-pr-icu-muv-koerperlaenge,StructureDefinition/mii-pr-icu-vent-beatmungszeit-hohem-druck,StructureDefinition/mii-pr-icu-muv-zerebraler-perfusionsdruck,StructureDefinition/mii-pr-icu-ect-substituatfluss,StructureDefinition/mii-pr-icu-score-faces-pain-scale-revised,StructureDefinition/mii-pr-icu-score-numerische-ratingskala,StructureDefinition/mii-pr-icu-bilanz-ausfuhr-fluessigkeit-gesamt,StructureDefinition/mii-pr-icu-muv-atemfrequenz,StructureDefinition/mii-pr-icu-untersuchung-pupillenlichtreaktion-direkt,StructureDefinition/mii-pr-icu-ect-venoeser-druck,StructureDefinition/mii-pr-icu-vent-endexpiratorischer-kohlendioxidpartialdruck,StructureDefinition/mii-pr-icu-bilanz-einfuhr-muttermilch,StructureDefinition/mii-pr-icu-vent-zeitverhaeltnis-ein-ausatmung,StructureDefinition/mii-pr-icu-bilanz-tagesbilanz-fluessigkeit,StructureDefinition/mii-pr-icu-score-icdsc,StructureDefinition/mii-pr-icu-vent-mittlerer-beatmungsdruck,StructureDefinition/mii-pr-icu-vent-beatmungsvolumen-min-maschineller-beatmung,StructureDefinition/mii-pr-icu-vent-maximaler-beatmungsdruck,StructureDefinition/mii-pr-icu-vent-unterstuetzungsdruck-beatmung,StructureDefinition/mii-pr-icu-vent-positiv-endexpiratorischer-druck,StructureDefinition/mii-pr-icu-muv-kopfumfang,StructureDefinition/mii-pr-icu-untersuchung-pupillenbefund,StructureDefinition/mii-pr-icu-ect-substituatvolumen,StructureDefinition/mii-pr-icu-vent-atemzugvolumen-einstellung,StructureDefinition/mii-pr-icu-bilanz-ausfuhr-gallenfluessigkeit,StructureDefinition/mii-pr-icu-ect-blutfluss-extrakorporaler-gasaustausch,StructureDefinition/mii-pr-icu-ect-blutflussindex-extrakorporaler-gasaustausch,StructureDefinition/mii-pr-icu-vent-atemwegsdruck-bei-null-expiratorischem-gasfluss,StructureDefinition/mii-pr-icu-ect-haemodialyse-blutfluss,StructureDefinition/mii-pr-icu-ect-arterieller-druck,StructureDefinition/mii-pr-icu-bilanz-ausfuhr-blutverlust,StructureDefinition/mii-pr-icu-bilanz-einfuhr-abgepumpte-muttermilch,StructureDefinition/mii-pr-icu-bilanz-ausfuhr-stuhlgang,StructureDefinition/mii-pr-icu-bilanz-einfuhr-saeuglingsnahrung,StructureDefinition/mii-pr-icu-bilanz-einfuhr-spendermilch,StructureDefinition/mii-pr-icu-parameter-von-extrakorporalen-verfahren,StructureDefinition/mii-pr-icu-muv-arterieller-blutdruck,StructureDefinition/mii-pr-icu-bilanz-ausfuhr-drainage-generisch,StructureDefinition/mii-pr-icu-score-sofa","SCT"
http://hl7.org/fhir/ValueSet/observation-status,4.0.1,active,"2.16.840.1.113883.4.642.3.400",ObservationStatus,ObservationStatus,"Codes providing the status of an observation.","StructureDefinition/mii-pr-icu-vent-atemzugvolumen-waehrend-beatmung,StructureDefinition/mii-pr-icu-vent-spontanes-atemzugvolumen,StructureDefinition/mii-pr-icu-untersuchung-pupillenform,StructureDefinition/mii-pr-icu-ect-ionisiertes-kalzium-nierenersatzverfahren,StructureDefinition/mii-pr-icu-ect-dauer-extrakorporaler-gasaustausch,StructureDefinition/mii-pr-icu-untersuchung-pupillensymmetrie,StructureDefinition/mii-pr-icu-ect-gasfluss,StructureDefinition/mii-pr-icu-vent-inspiratorischer-gasfluss,StructureDefinition/mii-pr-icu-ect-dauer-haemodialysesitzung,StructureDefinition/mii-pr-icu-bilanz-ausfuhr-magensonde,StructureDefinition/mii-pr-icu-vent-mittlerer-inspiratorischer-beatmungsdruck,StructureDefinition/mii-pr-icu-bilanz,StructureDefinition/mii-pr-icu-score-cam-icu,StructureDefinition/mii-pr-icu-vent-spontanes-plus-mechanisches-atemzugvolumen,StructureDefinition/mii-pr-icu-score-wong-baker-faces-schmerzskala,StructureDefinition/mii-pr-icu-muv-herzfrequenz,StructureDefinition/mii-pr-icu-untersuchung-pupillengroesse,StructureDefinition/mii-pr-icu-vent-spontane-atemfrequenz-beatmet,StructureDefinition/mii-pr-icu-vent-exspiratorischer-sauerstoffpartialdruck,StructureDefinition/mii-pr-icu-score-visuelle-analogskala,StructureDefinition/mii-pr-icu-bilanz-einfuhr-orale-fluessigkeit,StructureDefinition/mii-pr-icu-vent-inspiratorische-sauerstofffraktion,StructureDefinition/mii-pr-icu-bilanz-ausfuhr-wunddrainage,StructureDefinition/mii-pr-icu-untersuchung-pupillenlichtreaktion-indirekt,StructureDefinition/mii-pr-icu-vent-plateau-beatmungsdruck,StructureDefinition/mii-pr-icu-muv-koerpergewicht,StructureDefinition/mii-pr-icu-score-gcs,StructureDefinition/mii-pr-icu-parameter-von-beatmung,StructureDefinition/mii-pr-icu-vent-exspiratorischer-gasfluss,StructureDefinition/mii-pr-icu-score-zopa,StructureDefinition/mii-pr-icu-vent-beatmungszeit-niedrigem-druck,StructureDefinition/mii-pr-icu-ect-blutfluss-cardiovasculaeres-geraet,StructureDefinition/mii-pr-icu-score,StructureDefinition/mii-pr-icu-vent-horowitz-in-arteriellem-blut,StructureDefinition/mii-pr-icu-vent-einstellung-einatmungszeit-beatmung,StructureDefinition/mii-pr-icu-vent-druckdifferenz-beatmung,StructureDefinition/mii-pr-icu-muv-koerpergroesse,StructureDefinition/mii-pr-icu-vent-dynamische-kompliance,StructureDefinition/mii-pr-icu-vent-eingestellter-inspiratorischer-gasfluss,StructureDefinition/mii-pr-icu-bilanz-ausfuhr-pankreasdrainage,StructureDefinition/mii-pr-icu-vent-einstellung-ausatmungszeit-beatmung,StructureDefinition/mii-pr-icu-vent-maximaler-inspiratorischer-beatmungsdruck,StructureDefinition/mii-pr-icu-bilanz-einfuhr-fluessigkeit-gesamt,StructureDefinition/mii-pr-icu-bilanz-ausfuhr-op-drainage,StructureDefinition/mii-pr-icu-vent-spontane-mechanische-atemfrequenz-beatmet,StructureDefinition/mii-pr-icu-bilanz-einfuhr-enterale-fluessigkeit,StructureDefinition/mii-pr-icu-bilanz-ausfuhr-urin,StructureDefinition/mii-pr-icu-bilanz-ausfuhr-haemofiltration-einzelmesswerte,StructureDefinition/mii-pr-icu-vent-atemwegsdruck-mittlerem-expiratorischem-gasfluss,StructureDefinition/mii-pr-icu-vent-mechanische-atemfrequenz-beatmet,StructureDefinition/mii-pr-icu-score-rass,StructureDefinition/mii-pr-icu-muv-koerperlaenge,StructureDefinition/mii-pr-icu-vent-beatmungszeit-hohem-druck,StructureDefinition/mii-pr-icu-muv-zerebraler-perfusionsdruck,StructureDefinition/mii-pr-icu-ect-substituatfluss,StructureDefinition/mii-pr-icu-score-faces-pain-scale-revised,StructureDefinition/mii-pr-icu-score-numerische-ratingskala,StructureDefinition/mii-pr-icu-bilanz-ausfuhr-fluessigkeit-gesamt,StructureDefinition/mii-pr-icu-muv-atemfrequenz,StructureDefinition/mii-pr-icu-untersuchung-pupillenlichtreaktion-direkt,StructureDefinition/mii-pr-icu-ect-venoeser-druck,StructureDefinition/mii-pr-icu-vent-endexpiratorischer-kohlendioxidpartialdruck,StructureDefinition/mii-pr-icu-bilanz-einfuhr-muttermilch,StructureDefinition/mii-pr-icu-vent-zeitverhaeltnis-ein-ausatmung,StructureDefinition/mii-pr-icu-bilanz-tagesbilanz-fluessigkeit,StructureDefinition/mii-pr-icu-score-icdsc,StructureDefinition/mii-pr-icu-vent-mittlerer-beatmungsdruck,StructureDefinition/mii-pr-icu-vent-beatmungsvolumen-min-maschineller-beatmung,StructureDefinition/mii-pr-icu-vent-maximaler-beatmungsdruck,StructureDefinition/mii-pr-icu-vent-unterstuetzungsdruck-beatmung,StructureDefinition/mii-pr-icu-vent-positiv-endexpiratorischer-druck,StructureDefinition/mii-pr-icu-muv-kopfumfang,StructureDefinition/mii-pr-icu-untersuchung-pupillenbefund,StructureDefinition/mii-pr-icu-ect-substituatvolumen,StructureDefinition/mii-pr-icu-vent-atemzugvolumen-einstellung,StructureDefinition/mii-pr-icu-bilanz-ausfuhr-gallenfluessigkeit,StructureDefinition/mii-pr-icu-ect-blutfluss-extrakorporaler-gasaustausch,StructureDefinition/mii-pr-icu-ect-blutflussindex-extrakorporaler-gasaustausch,StructureDefinition/mii-pr-icu-vent-atemwegsdruck-bei-null-expiratorischem-gasfluss,StructureDefinition/mii-pr-icu-ect-haemodialyse-blutfluss,StructureDefinition/mii-pr-icu-ect-arterieller-druck,StructureDefinition/mii-pr-icu-bilanz-ausfuhr-blutverlust,StructureDefinition/mii-pr-icu-bilanz-einfuhr-abgepumpte-muttermilch,StructureDefinition/mii-pr-icu-bilanz-ausfuhr-stuhlgang,StructureDefinition/mii-pr-icu-bilanz-einfuhr-saeuglingsnahrung,StructureDefinition/mii-pr-icu-bilanz-einfuhr-spendermilch,StructureDefinition/mii-pr-icu-parameter-von-extrakorporalen-verfahren,StructureDefinition/mii-pr-icu-muv-arterieller-blutdruck,StructureDefinition/mii-pr-icu-bilanz-ausfuhr-drainage-generisch,StructureDefinition/mii-pr-icu-score-sofa","hl7.fhir.r4.core"
http://hl7.org/fhir/ValueSet/performer-role,4.0.1,draft,"2.16.840.1.113883.4.642.3.433",ProcedurePerformerRoleCodes,Procedure Performer Role Codes,"This example value set defines the set of codes that can be used to indicate a role of a procedure performer.","StructureDefinition/mii-pr-icu-beatmung,StructureDefinition/mii-pr-icu-extrakorporales-verfahren","SCT"
http://hl7.org/fhir/ValueSet/procedure-category,4.0.1,draft,"2.16.840.1.113883.4.642.3.430",ProcedureCategoryCodes(SNOMEDCT),Procedure Category Codes (SNOMED CT),"Procedure Category code: A selection of relevant SNOMED CT codes.","StructureDefinition/mii-pr-icu-beatmung,StructureDefinition/mii-pr-icu-extrakorporales-verfahren","SCT"
http://hl7.org/fhir/ValueSet/procedure-code,4.0.1,draft,"2.16.840.1.113883.4.642.3.427",ProcedureCodes(SNOMEDCT),Procedure Codes (SNOMED CT),"Procedure Code: All SNOMED CT procedure codes.","StructureDefinition/mii-pr-icu-beatmung,StructureDefinition/mii-pr-icu-extrakorporales-verfahren","SCT"
http://hl7.org/fhir/ValueSet/procedure-followup,4.0.1,draft,"2.16.840.1.113883.4.642.3.429",ProcedureFollowUpCodes(SNOMEDCT),Procedure Follow up Codes (SNOMED CT),"Procedure follow up codes: A selection of SNOMED CT codes relevant to procedure follow up.","StructureDefinition/mii-pr-icu-beatmung,StructureDefinition/mii-pr-icu-extrakorporales-verfahren","SCT"
http://hl7.org/fhir/ValueSet/procedure-not-performed-reason,4.0.1,active,"2.16.840.1.113883.4.642.3.431",ProcedureNotPerformedReason(SNOMED-CT),Procedure Not Performed Reason (SNOMED-CT),"Situation codes describing the reason that a procedure, which might otherwise be expected, was not performed, or a procedure that was started and was not completed. Consists of SNOMED CT codes, children of procedure contraindicated (183932001), procedure discontinued (416406003), procedure not done (416237000), procedure not indicated (428119001), procedure not offered (416064006), procedure not wanted (416432009), procedure refused (183944003), and procedure stopped (394908001).","StructureDefinition/mii-pr-icu-beatmung,StructureDefinition/mii-pr-icu-extrakorporales-verfahren","SCT"
http://hl7.org/fhir/ValueSet/procedure-outcome,4.0.1,draft,"2.16.840.1.113883.4.642.3.428",ProcedureOutcomeCodes(SNOMEDCT),Procedure Outcome Codes (SNOMED CT),"Procedure Outcome code: A selection of relevant SNOMED CT codes.","StructureDefinition/mii-pr-icu-beatmung,StructureDefinition/mii-pr-icu-extrakorporales-verfahren","SCT"
http://hl7.org/fhir/ValueSet/procedure-reason,4.0.1,draft,"2.16.840.1.113883.4.642.3.432",ProcedureReasonCodes,Procedure Reason Codes,"This example value set defines the set of codes that can be used to indicate a reason for a procedure.","StructureDefinition/mii-pr-icu-beatmung,StructureDefinition/mii-pr-icu-extrakorporales-verfahren","SCT"
http://hl7.org/fhir/ValueSet/quantity-comparator,4.0.1,active,"2.16.840.1.113883.4.642.3.59",QuantityComparator,QuantityComparator,"How the Quantity should be understood and represented.","StructureDefinition/mii-pr-icu-vent-atemzugvolumen-waehrend-beatmung,StructureDefinition/mii-pr-icu-vent-spontanes-atemzugvolumen,StructureDefinition/mii-pr-icu-ect-ionisiertes-kalzium-nierenersatzverfahren,StructureDefinition/mii-pr-icu-ect-dauer-extrakorporaler-gasaustausch,StructureDefinition/mii-pr-icu-ect-gasfluss,StructureDefinition/mii-pr-icu-vent-inspiratorischer-gasfluss,StructureDefinition/mii-pr-icu-ect-dauer-haemodialysesitzung,StructureDefinition/mii-pr-icu-bilanz-ausfuhr-magensonde,StructureDefinition/mii-pr-icu-vent-mittlerer-inspiratorischer-beatmungsdruck,StructureDefinition/mii-pr-icu-vent-spontanes-plus-mechanisches-atemzugvolumen,StructureDefinition/mii-pr-icu-score-wong-baker-faces-schmerzskala,StructureDefinition/mii-pr-icu-muv-herzfrequenz,StructureDefinition/mii-pr-icu-untersuchung-pupillengroesse,StructureDefinition/mii-pr-icu-vent-spontane-atemfrequenz-beatmet,StructureDefinition/mii-pr-icu-vent-exspiratorischer-sauerstoffpartialdruck,StructureDefinition/mii-pr-icu-score-visuelle-analogskala,StructureDefinition/mii-pr-icu-bilanz-einfuhr-orale-fluessigkeit,StructureDefinition/mii-pr-icu-vent-inspiratorische-sauerstofffraktion,StructureDefinition/mii-pr-icu-bilanz-ausfuhr-wunddrainage,StructureDefinition/mii-pr-icu-vent-plateau-beatmungsdruck,StructureDefinition/mii-pr-icu-muv-koerpergewicht,StructureDefinition/mii-pr-icu-score-gcs,StructureDefinition/mii-pr-icu-parameter-von-beatmung,StructureDefinition/mii-pr-icu-vent-exspiratorischer-gasfluss,StructureDefinition/mii-pr-icu-vent-beatmungszeit-niedrigem-druck,StructureDefinition/mii-pr-icu-ect-blutfluss-cardiovasculaeres-geraet,StructureDefinition/mii-pr-icu-vent-horowitz-in-arteriellem-blut,StructureDefinition/mii-pr-icu-vent-einstellung-einatmungszeit-beatmung,StructureDefinition/mii-pr-icu-vent-druckdifferenz-beatmung,StructureDefinition/mii-pr-icu-muv-koerpergroesse,StructureDefinition/mii-pr-icu-vent-dynamische-kompliance,StructureDefinition/mii-pr-icu-vent-eingestellter-inspiratorischer-gasfluss,StructureDefinition/mii-pr-icu-bilanz-ausfuhr-pankreasdrainage,StructureDefinition/mii-pr-icu-vent-einstellung-ausatmungszeit-beatmung,StructureDefinition/mii-pr-icu-vent-maximaler-inspiratorischer-beatmungsdruck,StructureDefinition/mii-pr-icu-bilanz-einfuhr-fluessigkeit-gesamt,StructureDefinition/mii-pr-icu-bilanz-ausfuhr-op-drainage,StructureDefinition/mii-pr-icu-vent-spontane-mechanische-atemfrequenz-beatmet,StructureDefinition/mii-pr-icu-bilanz-einfuhr-enterale-fluessigkeit,StructureDefinition/mii-pr-icu-bilanz-ausfuhr-urin,StructureDefinition/mii-pr-icu-bilanz-ausfuhr-haemofiltration-einzelmesswerte,StructureDefinition/mii-pr-icu-vent-atemwegsdruck-mittlerem-expiratorischem-gasfluss,StructureDefinition/mii-pr-icu-vent-mechanische-atemfrequenz-beatmet,StructureDefinition/mii-pr-icu-muv-koerperlaenge,StructureDefinition/mii-pr-icu-vent-beatmungszeit-hohem-druck,StructureDefinition/mii-pr-icu-muv-zerebraler-perfusionsdruck,StructureDefinition/mii-pr-icu-ect-substituatfluss,StructureDefinition/mii-pr-icu-score-faces-pain-scale-revised,StructureDefinition/mii-pr-icu-bilanz-ausfuhr-fluessigkeit-gesamt,StructureDefinition/mii-pr-icu-muv-atemfrequenz,StructureDefinition/mii-pr-icu-ect-venoeser-druck,StructureDefinition/mii-pr-icu-vent-endexpiratorischer-kohlendioxidpartialdruck,StructureDefinition/mii-pr-icu-bilanz-einfuhr-muttermilch,StructureDefinition/mii-pr-icu-vent-zeitverhaeltnis-ein-ausatmung,StructureDefinition/mii-pr-icu-bilanz-tagesbilanz-fluessigkeit,StructureDefinition/mii-pr-icu-vent-mittlerer-beatmungsdruck,StructureDefinition/mii-pr-icu-vent-beatmungsvolumen-min-maschineller-beatmung,StructureDefinition/mii-pr-icu-vent-maximaler-beatmungsdruck,StructureDefinition/mii-pr-icu-vent-unterstuetzungsdruck-beatmung,StructureDefinition/mii-pr-icu-vent-positiv-endexpiratorischer-druck,StructureDefinition/mii-pr-icu-muv-kopfumfang,StructureDefinition/mii-pr-icu-ect-substituatvolumen,StructureDefinition/mii-pr-icu-vent-atemzugvolumen-einstellung,StructureDefinition/mii-pr-icu-bilanz-ausfuhr-gallenfluessigkeit,StructureDefinition/mii-pr-icu-ect-blutfluss-extrakorporaler-gasaustausch,StructureDefinition/mii-pr-icu-ect-blutflussindex-extrakorporaler-gasaustausch,StructureDefinition/mii-pr-icu-vent-atemwegsdruck-bei-null-expiratorischem-gasfluss,StructureDefinition/mii-pr-icu-ect-haemodialyse-blutfluss,StructureDefinition/mii-pr-icu-ect-arterieller-druck,StructureDefinition/mii-pr-icu-bilanz-ausfuhr-blutverlust,StructureDefinition/mii-pr-icu-bilanz-einfuhr-abgepumpte-muttermilch,StructureDefinition/mii-pr-icu-bilanz-ausfuhr-stuhlgang,StructureDefinition/mii-pr-icu-bilanz-einfuhr-saeuglingsnahrung,StructureDefinition/mii-pr-icu-bilanz-einfuhr-spendermilch,StructureDefinition/mii-pr-icu-parameter-von-extrakorporalen-verfahren,StructureDefinition/mii-pr-icu-muv-arterieller-blutdruck,StructureDefinition/mii-pr-icu-bilanz-ausfuhr-drainage-generisch","hl7.fhir.r4.core"
http://hl7.org/fhir/ValueSet/referencerange-appliesto,4.0.1,draft,"2.16.840.1.113883.4.642.3.407",ObservationReferenceRangeAppliesToCodes,Observation Reference Range Applies To Codes,"This value set defines a set of codes that can be used to indicate the particular target population the reference range applies to.","StructureDefinition/mii-pr-icu-vent-atemzugvolumen-waehrend-beatmung,StructureDefinition/mii-pr-icu-vent-spontanes-atemzugvolumen,StructureDefinition/mii-pr-icu-untersuchung-pupillenform,StructureDefinition/mii-pr-icu-ect-ionisiertes-kalzium-nierenersatzverfahren,StructureDefinition/mii-pr-icu-ect-dauer-extrakorporaler-gasaustausch,StructureDefinition/mii-pr-icu-untersuchung-pupillensymmetrie,StructureDefinition/mii-pr-icu-ect-gasfluss,StructureDefinition/mii-pr-icu-vent-inspiratorischer-gasfluss,StructureDefinition/mii-pr-icu-ect-dauer-haemodialysesitzung,StructureDefinition/mii-pr-icu-bilanz-ausfuhr-magensonde,StructureDefinition/mii-pr-icu-vent-mittlerer-inspiratorischer-beatmungsdruck,StructureDefinition/mii-pr-icu-bilanz,StructureDefinition/mii-pr-icu-score-cam-icu,StructureDefinition/mii-pr-icu-vent-spontanes-plus-mechanisches-atemzugvolumen,StructureDefinition/mii-pr-icu-score-wong-baker-faces-schmerzskala,StructureDefinition/mii-pr-icu-muv-herzfrequenz,StructureDefinition/mii-pr-icu-untersuchung-pupillengroesse,StructureDefinition/mii-pr-icu-vent-spontane-atemfrequenz-beatmet,StructureDefinition/mii-pr-icu-vent-exspiratorischer-sauerstoffpartialdruck,StructureDefinition/mii-pr-icu-score-visuelle-analogskala,StructureDefinition/mii-pr-icu-bilanz-einfuhr-orale-fluessigkeit,StructureDefinition/mii-pr-icu-vent-inspiratorische-sauerstofffraktion,StructureDefinition/mii-pr-icu-bilanz-ausfuhr-wunddrainage,StructureDefinition/mii-pr-icu-untersuchung-pupillenlichtreaktion-indirekt,StructureDefinition/mii-pr-icu-vent-plateau-beatmungsdruck,StructureDefinition/mii-pr-icu-muv-koerpergewicht,StructureDefinition/mii-pr-icu-score-gcs,StructureDefinition/mii-pr-icu-parameter-von-beatmung,StructureDefinition/mii-pr-icu-vent-exspiratorischer-gasfluss,StructureDefinition/mii-pr-icu-score-zopa,StructureDefinition/mii-pr-icu-vent-beatmungszeit-niedrigem-druck,StructureDefinition/mii-pr-icu-ect-blutfluss-cardiovasculaeres-geraet,StructureDefinition/mii-pr-icu-score,StructureDefinition/mii-pr-icu-vent-horowitz-in-arteriellem-blut,StructureDefinition/mii-pr-icu-vent-einstellung-einatmungszeit-beatmung,StructureDefinition/mii-pr-icu-vent-druckdifferenz-beatmung,StructureDefinition/mii-pr-icu-muv-koerpergroesse,StructureDefinition/mii-pr-icu-vent-dynamische-kompliance,StructureDefinition/mii-pr-icu-vent-eingestellter-inspiratorischer-gasfluss,StructureDefinition/mii-pr-icu-bilanz-ausfuhr-pankreasdrainage,StructureDefinition/mii-pr-icu-vent-einstellung-ausatmungszeit-beatmung,StructureDefinition/mii-pr-icu-vent-maximaler-inspiratorischer-beatmungsdruck,StructureDefinition/mii-pr-icu-bilanz-einfuhr-fluessigkeit-gesamt,StructureDefinition/mii-pr-icu-bilanz-ausfuhr-op-drainage,StructureDefinition/mii-pr-icu-vent-spontane-mechanische-atemfrequenz-beatmet,StructureDefinition/mii-pr-icu-bilanz-einfuhr-enterale-fluessigkeit,StructureDefinition/mii-pr-icu-bilanz-ausfuhr-urin,StructureDefinition/mii-pr-icu-bilanz-ausfuhr-haemofiltration-einzelmesswerte,StructureDefinition/mii-pr-icu-vent-atemwegsdruck-mittlerem-expiratorischem-gasfluss,StructureDefinition/mii-pr-icu-vent-mechanische-atemfrequenz-beatmet,StructureDefinition/mii-pr-icu-score-rass,StructureDefinition/mii-pr-icu-muv-koerperlaenge,StructureDefinition/mii-pr-icu-vent-beatmungszeit-hohem-druck,StructureDefinition/mii-pr-icu-muv-zerebraler-perfusionsdruck,StructureDefinition/mii-pr-icu-ect-substituatfluss,StructureDefinition/mii-pr-icu-score-faces-pain-scale-revised,StructureDefinition/mii-pr-icu-score-numerische-ratingskala,StructureDefinition/mii-pr-icu-bilanz-ausfuhr-fluessigkeit-gesamt,StructureDefinition/mii-pr-icu-muv-atemfrequenz,StructureDefinition/mii-pr-icu-untersuchung-pupillenlichtreaktion-direkt,StructureDefinition/mii-pr-icu-ect-venoeser-druck,StructureDefinition/mii-pr-icu-vent-endexpiratorischer-kohlendioxidpartialdruck,StructureDefinition/mii-pr-icu-bilanz-einfuhr-muttermilch,StructureDefinition/mii-pr-icu-vent-zeitverhaeltnis-ein-ausatmung,StructureDefinition/mii-pr-icu-bilanz-tagesbilanz-fluessigkeit,StructureDefinition/mii-pr-icu-score-icdsc,StructureDefinition/mii-pr-icu-vent-mittlerer-beatmungsdruck,StructureDefinition/mii-pr-icu-vent-beatmungsvolumen-min-maschineller-beatmung,StructureDefinition/mii-pr-icu-vent-maximaler-beatmungsdruck,StructureDefinition/mii-pr-icu-vent-unterstuetzungsdruck-beatmung,StructureDefinition/mii-pr-icu-vent-positiv-endexpiratorischer-druck,StructureDefinition/mii-pr-icu-muv-kopfumfang,StructureDefinition/mii-pr-icu-untersuchung-pupillenbefund,StructureDefinition/mii-pr-icu-ect-substituatvolumen,StructureDefinition/mii-pr-icu-vent-atemzugvolumen-einstellung,StructureDefinition/mii-pr-icu-bilanz-ausfuhr-gallenfluessigkeit,StructureDefinition/mii-pr-icu-ect-blutfluss-extrakorporaler-gasaustausch,StructureDefinition/mii-pr-icu-ect-blutflussindex-extrakorporaler-gasaustausch,StructureDefinition/mii-pr-icu-vent-atemwegsdruck-bei-null-expiratorischem-gasfluss,StructureDefinition/mii-pr-icu-ect-haemodialyse-blutfluss,StructureDefinition/mii-pr-icu-ect-arterieller-druck,StructureDefinition/mii-pr-icu-bilanz-ausfuhr-blutverlust,StructureDefinition/mii-pr-icu-bilanz-einfuhr-abgepumpte-muttermilch,StructureDefinition/mii-pr-icu-bilanz-ausfuhr-stuhlgang,StructureDefinition/mii-pr-icu-bilanz-einfuhr-saeuglingsnahrung,StructureDefinition/mii-pr-icu-bilanz-einfuhr-spendermilch,StructureDefinition/mii-pr-icu-parameter-von-extrakorporalen-verfahren,StructureDefinition/mii-pr-icu-muv-arterieller-blutdruck,StructureDefinition/mii-pr-icu-bilanz-ausfuhr-drainage-generisch,StructureDefinition/mii-pr-icu-score-sofa","SCT"
http://hl7.org/fhir/ValueSet/referencerange-meaning,4.0.1,draft,"2.16.840.1.113883.4.642.3.397",ObservationReferenceRangeMeaningCodes,Observation Reference Range Meaning Codes,"This value set defines a set of codes that can be used to indicate the meaning/use of a reference range for a particular target population.","StructureDefinition/mii-pr-icu-vent-atemzugvolumen-waehrend-beatmung,StructureDefinition/mii-pr-icu-vent-spontanes-atemzugvolumen,StructureDefinition/mii-pr-icu-untersuchung-pupillenform,StructureDefinition/mii-pr-icu-ect-ionisiertes-kalzium-nierenersatzverfahren,StructureDefinition/mii-pr-icu-ect-dauer-extrakorporaler-gasaustausch,StructureDefinition/mii-pr-icu-untersuchung-pupillensymmetrie,StructureDefinition/mii-pr-icu-ect-gasfluss,StructureDefinition/mii-pr-icu-vent-inspiratorischer-gasfluss,StructureDefinition/mii-pr-icu-ect-dauer-haemodialysesitzung,StructureDefinition/mii-pr-icu-bilanz-ausfuhr-magensonde,StructureDefinition/mii-pr-icu-vent-mittlerer-inspiratorischer-beatmungsdruck,StructureDefinition/mii-pr-icu-bilanz,StructureDefinition/mii-pr-icu-score-cam-icu,StructureDefinition/mii-pr-icu-vent-spontanes-plus-mechanisches-atemzugvolumen,StructureDefinition/mii-pr-icu-score-wong-baker-faces-schmerzskala,StructureDefinition/mii-pr-icu-muv-herzfrequenz,StructureDefinition/mii-pr-icu-untersuchung-pupillengroesse,StructureDefinition/mii-pr-icu-vent-spontane-atemfrequenz-beatmet,StructureDefinition/mii-pr-icu-vent-exspiratorischer-sauerstoffpartialdruck,StructureDefinition/mii-pr-icu-score-visuelle-analogskala,StructureDefinition/mii-pr-icu-bilanz-einfuhr-orale-fluessigkeit,StructureDefinition/mii-pr-icu-vent-inspiratorische-sauerstofffraktion,StructureDefinition/mii-pr-icu-bilanz-ausfuhr-wunddrainage,StructureDefinition/mii-pr-icu-untersuchung-pupillenlichtreaktion-indirekt,StructureDefinition/mii-pr-icu-vent-plateau-beatmungsdruck,StructureDefinition/mii-pr-icu-muv-koerpergewicht,StructureDefinition/mii-pr-icu-score-gcs,StructureDefinition/mii-pr-icu-parameter-von-beatmung,StructureDefinition/mii-pr-icu-vent-exspiratorischer-gasfluss,StructureDefinition/mii-pr-icu-score-zopa,StructureDefinition/mii-pr-icu-vent-beatmungszeit-niedrigem-druck,StructureDefinition/mii-pr-icu-ect-blutfluss-cardiovasculaeres-geraet,StructureDefinition/mii-pr-icu-score,StructureDefinition/mii-pr-icu-vent-horowitz-in-arteriellem-blut,StructureDefinition/mii-pr-icu-vent-einstellung-einatmungszeit-beatmung,StructureDefinition/mii-pr-icu-vent-druckdifferenz-beatmung,StructureDefinition/mii-pr-icu-muv-koerpergroesse,StructureDefinition/mii-pr-icu-vent-dynamische-kompliance,StructureDefinition/mii-pr-icu-vent-eingestellter-inspiratorischer-gasfluss,StructureDefinition/mii-pr-icu-bilanz-ausfuhr-pankreasdrainage,StructureDefinition/mii-pr-icu-vent-einstellung-ausatmungszeit-beatmung,StructureDefinition/mii-pr-icu-vent-maximaler-inspiratorischer-beatmungsdruck,StructureDefinition/mii-pr-icu-bilanz-einfuhr-fluessigkeit-gesamt,StructureDefinition/mii-pr-icu-bilanz-ausfuhr-op-drainage,StructureDefinition/mii-pr-icu-vent-spontane-mechanische-atemfrequenz-beatmet,StructureDefinition/mii-pr-icu-bilanz-einfuhr-enterale-fluessigkeit,StructureDefinition/mii-pr-icu-bilanz-ausfuhr-urin,StructureDefinition/mii-pr-icu-bilanz-ausfuhr-haemofiltration-einzelmesswerte,StructureDefinition/mii-pr-icu-vent-atemwegsdruck-mittlerem-expiratorischem-gasfluss,StructureDefinition/mii-pr-icu-vent-mechanische-atemfrequenz-beatmet,StructureDefinition/mii-pr-icu-score-rass,StructureDefinition/mii-pr-icu-muv-koerperlaenge,StructureDefinition/mii-pr-icu-vent-beatmungszeit-hohem-druck,StructureDefinition/mii-pr-icu-muv-zerebraler-perfusionsdruck,StructureDefinition/mii-pr-icu-ect-substituatfluss,StructureDefinition/mii-pr-icu-score-faces-pain-scale-revised,StructureDefinition/mii-pr-icu-score-numerische-ratingskala,StructureDefinition/mii-pr-icu-bilanz-ausfuhr-fluessigkeit-gesamt,StructureDefinition/mii-pr-icu-muv-atemfrequenz,StructureDefinition/mii-pr-icu-untersuchung-pupillenlichtreaktion-direkt,StructureDefinition/mii-pr-icu-ect-venoeser-druck,StructureDefinition/mii-pr-icu-vent-endexpiratorischer-kohlendioxidpartialdruck,StructureDefinition/mii-pr-icu-bilanz-einfuhr-muttermilch,StructureDefinition/mii-pr-icu-vent-zeitverhaeltnis-ein-ausatmung,StructureDefinition/mii-pr-icu-bilanz-tagesbilanz-fluessigkeit,StructureDefinition/mii-pr-icu-score-icdsc,StructureDefinition/mii-pr-icu-vent-mittlerer-beatmungsdruck,StructureDefinition/mii-pr-icu-vent-beatmungsvolumen-min-maschineller-beatmung,StructureDefinition/mii-pr-icu-vent-maximaler-beatmungsdruck,StructureDefinition/mii-pr-icu-vent-unterstuetzungsdruck-beatmung,StructureDefinition/mii-pr-icu-vent-positiv-endexpiratorischer-druck,StructureDefinition/mii-pr-icu-muv-kopfumfang,StructureDefinition/mii-pr-icu-untersuchung-pupillenbefund,StructureDefinition/mii-pr-icu-ect-substituatvolumen,StructureDefinition/mii-pr-icu-vent-atemzugvolumen-einstellung,StructureDefinition/mii-pr-icu-bilanz-ausfuhr-gallenfluessigkeit,StructureDefinition/mii-pr-icu-ect-blutfluss-extrakorporaler-gasaustausch,StructureDefinition/mii-pr-icu-ect-blutflussindex-extrakorporaler-gasaustausch,StructureDefinition/mii-pr-icu-vent-atemwegsdruck-bei-null-expiratorischem-gasfluss,StructureDefinition/mii-pr-icu-ect-haemodialyse-blutfluss,StructureDefinition/mii-pr-icu-ect-arterieller-druck,StructureDefinition/mii-pr-icu-bilanz-ausfuhr-blutverlust,StructureDefinition/mii-pr-icu-bilanz-einfuhr-abgepumpte-muttermilch,StructureDefinition/mii-pr-icu-bilanz-ausfuhr-stuhlgang,StructureDefinition/mii-pr-icu-bilanz-einfuhr-saeuglingsnahrung,StructureDefinition/mii-pr-icu-bilanz-einfuhr-spendermilch,StructureDefinition/mii-pr-icu-parameter-von-extrakorporalen-verfahren,StructureDefinition/mii-pr-icu-muv-arterieller-blutdruck,StructureDefinition/mii-pr-icu-bilanz-ausfuhr-drainage-generisch,StructureDefinition/mii-pr-icu-score-sofa","THO"
http://hl7.org/fhir/ValueSet/security-labels,4.0.1,active,"2.16.840.1.113883.4.642.3.47",All Security Labels,SecurityLabels,"A single value set for all security labels defined by FHIR.","StructureDefinition/mii-pr-icu-beatmung,StructureDefinition/mii-pr-icu-extrakorporales-verfahren,StructureDefinition/mii-pr-icu-muv-koerperlaenge,StructureDefinition/mii-pr-icu-muv-herzfrequenz,StructureDefinition/mii-pr-icu-muv-zerebraler-perfusionsdruck",
http://hl7.org/fhir/ValueSet/udi-entry-type,4.0.1,draft,"2.16.840.1.113883.4.642.3.211",UDIEntryType,UDIEntryType,"Codes to identify how UDI data was entered.","StructureDefinition/mii-pr-icu-device","hl7.fhir.r4.core"
https://gematik.de/fhir/isik/ValueSet/vs-mii-icu-bodysite-observation-monitoring-und-vitaldaten,6.0.0,active,,VS_MII_ICU_BodySite_Observation_Monitoring_und_Vitaldaten,VS MII ICU BodySite Observation Monitoring und Vitaldaten,"Dieses ValueSet enthält Codes für bodySites von Vitaldaten sowie Daten aus dem Patientenmonitoring.","StructureDefinition/mii-pr-icu-muv-koerperlaenge,StructureDefinition/mii-pr-icu-muv-herzfrequenz,StructureDefinition/mii-pr-icu-muv-zerebraler-perfusionsdruck","SCT"
https://gematik.de/fhir/isik/ValueSet/vs-mii-icu-code-monitoring-und-vitaldaten-iso11073,6.0.0,active,,VS_MII_ICU_Code_Monitoring_und_Vitaldaten_ISO11073,VS MII ICU Code Monitoring und Vitaldaten [ISO11073],"Dieses ValueSet enthält Codes für Vitaldaten sowie Daten aus dem Patientenmonitoring.","StructureDefinition/mii-pr-icu-muv-koerperlaenge,StructureDefinition/mii-pr-icu-muv-herzfrequenz,StructureDefinition/mii-pr-icu-muv-zerebraler-perfusionsdruck","hl7.terminology.r4"
https://gematik.de/fhir/isik/ValueSet/vs-mii-icu-code-monitoring-und-vitaldaten-loinc,6.0.0,active,,VS_MII_ICU_Code_Monitoring_und_Vitaldaten_LOINC,VS MII ICU Code Monitoring und Vitaldaten [LOINC],"Dieses ValueSet enthält Codes für Vitaldaten sowie Daten aus dem Patientenmonitoring.","StructureDefinition/mii-pr-icu-muv-koerperlaenge,StructureDefinition/mii-pr-icu-muv-herzfrequenz,StructureDefinition/mii-pr-icu-muv-zerebraler-perfusionsdruck","LOINC"
https://gematik.de/fhir/isik/ValueSet/vs-mii-icu-code-monitoring-und-vitaldaten-snomed,6.0.0,active,,VS_MII_ICU_Code_Monitoring_und_Vitaldaten_SNOMED,VS MII ICU Code Monitoring und Vitaldaten [sct],"Dieses ValueSet enthaelt Codes fuer Vitaldaten sowie Daten aus dem Patientenmonitoring.","StructureDefinition/mii-pr-icu-muv-koerperlaenge,StructureDefinition/mii-pr-icu-muv-herzfrequenz,StructureDefinition/mii-pr-icu-muv-zerebraler-perfusionsdruck","SCT"
https://www.medizininformatik-initiative.de/fhir/core/modul-prozedur/ValueSet/mii-vs-prozedur-ops,2026.0.0,active,,MII_VS_Prozedur_OPS,MII VS Prozedur OPS,"Enthaelt OPS-Codes der Versionen 2010 bis 2025","StructureDefinition/mii-pr-icu-beatmung,StructureDefinition/mii-pr-icu-extrakorporales-verfahren","de.basisprofil.r4"
https://www.medizininformatik-initiative.de/fhir/core/modul-prozedur/ValueSet/procedures-category-sct,2026.0.0,active,,MII_VS_Prozedur_OpsKategorien_SNOMEDCT,MII VS Prozedur OPS Kategorien [SNOMED CT],"Enthaelt alle SNOMED CT Codes für ein Mapping der OPS Klassentitel","StructureDefinition/mii-pr-icu-extrakorporales-verfahren","SCT"
https://www.medizininformatik-initiative.de/fhir/ext/modul-icu/ValueSet/cam-icu-result,2026.0.3,active,,MII_VS_ICU_CAM_ICU_Result,MII VS ICU CAM-ICU Result,"CAM-ICU assessment result: positive (delirium present) or negative (no delirium)","StructureDefinition/mii-pr-icu-score-cam-icu","SCT"
https://www.medizininformatik-initiative.de/fhir/ext/modul-icu/ValueSet/delirium-interpretation,2026.0.3,draft,,MII_VS_ICU_Delirium_Interpretation,MII VS ICU Delirium Interpretation,"Delirium status interpretations","StructureDefinition/mii-pr-icu-score-cam-icu,StructureDefinition/mii-pr-icu-score-icdsc","SCT"
https://www.medizininformatik-initiative.de/fhir/ext/modul-icu/ValueSet/mii-vs-icu-bodysite-observation-beatmung,2026.0.3,active,,MII_VS_ICU_BodySite_Observation_Beatmung,MII VS ICU BodySite Observation Beatmung,"Dieses ValueSet enthält Codes für bodySites für die im Kontext einer Beatmung eingestellten oder gemessenen Parametern.","StructureDefinition/mii-pr-icu-vent-atemzugvolumen-waehrend-beatmung,StructureDefinition/mii-pr-icu-vent-atemwegsdruck-mittlerem-expiratorischem-gasfluss,StructureDefinition/mii-pr-icu-vent-spontanes-atemzugvolumen,StructureDefinition/mii-pr-icu-vent-mechanische-atemfrequenz-beatmet,StructureDefinition/mii-pr-icu-vent-beatmungszeit-hohem-druck,StructureDefinition/mii-pr-icu-vent-inspiratorischer-gasfluss,StructureDefinition/mii-pr-icu-vent-mittlerer-inspiratorischer-beatmungsdruck,StructureDefinition/mii-pr-icu-vent-spontanes-plus-mechanisches-atemzugvolumen,StructureDefinition/mii-pr-icu-vent-endexpiratorischer-kohlendioxidpartialdruck,StructureDefinition/mii-pr-icu-vent-zeitverhaeltnis-ein-ausatmung,StructureDefinition/mii-pr-icu-vent-spontane-atemfrequenz-beatmet,StructureDefinition/mii-pr-icu-vent-exspiratorischer-sauerstoffpartialdruck,StructureDefinition/mii-pr-icu-vent-mittlerer-beatmungsdruck,StructureDefinition/mii-pr-icu-vent-beatmungsvolumen-min-maschineller-beatmung,StructureDefinition/mii-pr-icu-vent-inspiratorische-sauerstofffraktion,StructureDefinition/mii-pr-icu-vent-maximaler-beatmungsdruck,StructureDefinition/mii-pr-icu-vent-unterstuetzungsdruck-beatmung,StructureDefinition/mii-pr-icu-vent-positiv-endexpiratorischer-druck,StructureDefinition/mii-pr-icu-vent-plateau-beatmungsdruck,StructureDefinition/mii-pr-icu-parameter-von-beatmung,StructureDefinition/mii-pr-icu-vent-exspiratorischer-gasfluss,StructureDefinition/mii-pr-icu-vent-beatmungszeit-niedrigem-druck,StructureDefinition/mii-pr-icu-vent-atemzugvolumen-einstellung,StructureDefinition/mii-pr-icu-vent-atemwegsdruck-bei-null-expiratorischem-gasfluss,StructureDefinition/mii-pr-icu-vent-horowitz-in-arteriellem-blut,StructureDefinition/mii-pr-icu-vent-einstellung-einatmungszeit-beatmung,StructureDefinition/mii-pr-icu-vent-druckdifferenz-beatmung,StructureDefinition/mii-pr-icu-vent-dynamische-kompliance,StructureDefinition/mii-pr-icu-vent-eingestellter-inspiratorischer-gasfluss,StructureDefinition/mii-pr-icu-vent-maximaler-inspiratorischer-beatmungsdruck,StructureDefinition/mii-pr-icu-vent-einstellung-ausatmungszeit-beatmung,StructureDefinition/mii-pr-icu-vent-spontane-mechanische-atemfrequenz-beatmet","SCT"
https://www.medizininformatik-initiative.de/fhir/ext/modul-icu/ValueSet/mii-vs-icu-bodysite-observation-blutdruck,2026.0.3,active,,MII_VS_ICU_BodySite_Observation_Blutdruck,MII VS ICU BodySite Observation Blutdruck,"Dieses ValueSet enthält Codes für bodySites von Blutdrücken (pulsatilen Drücken).",,"SCT"
https://www.medizininformatik-initiative.de/fhir/ext/modul-icu/ValueSet/mii-vs-icu-bodysite-observation-extrakorporale-verfahren,2026.0.3,active,,MII_VS_ICU_BodySite_Observation_extrakorporale_Verfahren,MII VS ICU BodySite Observation extrakorporale Verfahren,"Dieses ValueSet enthält Codes für bodySites für die im Kontext von extrakoralen Verfahren eingestellten oder gemessenen Parametern.","StructureDefinition/mii-pr-icu-ect-ionisiertes-kalzium-nierenersatzverfahren,StructureDefinition/mii-pr-icu-ect-gasfluss,StructureDefinition/mii-pr-icu-ect-dauer-extrakorporaler-gasaustausch,StructureDefinition/mii-pr-icu-ect-substituatvolumen,StructureDefinition/mii-pr-icu-ect-substituatfluss,StructureDefinition/mii-pr-icu-ect-blutflussindex-extrakorporaler-gasaustausch,StructureDefinition/mii-pr-icu-ect-blutfluss-extrakorporaler-gasaustausch,StructureDefinition/mii-pr-icu-ect-haemodialyse-blutfluss,StructureDefinition/mii-pr-icu-ect-arterieller-druck,StructureDefinition/mii-pr-icu-ect-blutfluss-cardiovasculaeres-geraet,StructureDefinition/mii-pr-icu-ect-dauer-haemodialysesitzung,StructureDefinition/mii-pr-icu-ect-venoeser-druck,StructureDefinition/mii-pr-icu-parameter-von-extrakorporalen-verfahren","SCT"
https://www.medizininformatik-initiative.de/fhir/ext/modul-icu/ValueSet/mii-vs-icu-bodysite-observation-monitoring-und-vitaldaten,2026.0.3,active,,MII_VS_ICU_BodySite_Observation_Monitoring_und_Vitaldaten,MII VS ICU BodySite Observation Monitoring und Vitaldaten,"Dieses ValueSet enthält Codes für bodySites von Vitaldaten sowie Daten aus dem Patientenmonitoring.",,"SCT"
https://www.medizininformatik-initiative.de/fhir/ext/modul-icu/ValueSet/mii-vs-icu-bodysite-observation-pupillenbefund,2026.0.3,draft,,MII_VS_ICU_BodySite_Observation_Pupillenbefund,MII VS ICU BodySite Observation Pupillenbefund,"Zulaessige Koerperstellen fuer lateralisierte Pupillenbefunde: linke oder rechte Pupille.","StructureDefinition/mii-pr-icu-untersuchung-pupillenlichtreaktion-indirekt,StructureDefinition/mii-pr-icu-untersuchung-pupillenlichtreaktion-direkt,StructureDefinition/mii-pr-icu-untersuchung-pupillenform,StructureDefinition/mii-pr-icu-untersuchung-pupillengroesse","SCT"
https://www.medizininformatik-initiative.de/fhir/ext/modul-icu/ValueSet/mii-vs-icu-category-observation-bilanzen-hl7,2026.0.3,active,,MII_VS_ICU_Category_Observation_Bilanzen_HL7,MII VS ICU Category Observation Bilanzen HL7,"ValueSet defining HL7 observation categories for ICU Bilanzen","StructureDefinition/mii-pr-icu-bilanz-ausfuhr-haemofiltration-einzelmesswerte,StructureDefinition/mii-pr-icu-bilanz-ausfuhr-gallenfluessigkeit,StructureDefinition/mii-pr-icu-bilanz-ausfuhr-magensonde,StructureDefinition/mii-pr-icu-bilanz-ausfuhr-blutverlust,StructureDefinition/mii-pr-icu-bilanz-einfuhr-abgepumpte-muttermilch,StructureDefinition/mii-pr-icu-bilanz,StructureDefinition/mii-pr-icu-bilanz-ausfuhr-fluessigkeit-gesamt,StructureDefinition/mii-pr-icu-bilanz-ausfuhr-stuhlgang,StructureDefinition/mii-pr-icu-bilanz-einfuhr-saeuglingsnahrung,StructureDefinition/mii-pr-icu-bilanz-tagesbilanz-fluessigkeit,StructureDefinition/mii-pr-icu-bilanz-einfuhr-muttermilch,StructureDefinition/mii-pr-icu-bilanz-ausfuhr-pankreasdrainage,StructureDefinition/mii-pr-icu-bilanz-einfuhr-spendermilch,StructureDefinition/mii-pr-icu-bilanz-einfuhr-orale-fluessigkeit,StructureDefinition/mii-pr-icu-bilanz-einfuhr-fluessigkeit-gesamt,StructureDefinition/mii-pr-icu-bilanz-ausfuhr-op-drainage,StructureDefinition/mii-pr-icu-bilanz-einfuhr-enterale-fluessigkeit,StructureDefinition/mii-pr-icu-bilanz-ausfuhr-urin,StructureDefinition/mii-pr-icu-bilanz-ausfuhr-drainage-generisch,StructureDefinition/mii-pr-icu-bilanz-ausfuhr-wunddrainage","THO"
https://www.medizininformatik-initiative.de/fhir/ext/modul-icu/ValueSet/mii-vs-icu-category-procedure-beatmung-snomed,2026.0.3,active,,MII_VS_ICU_Category_Procedure_Beatmung_SNOMED,MII VS ICU Category Procedure Beatmung SNOMED,"","StructureDefinition/mii-pr-icu-vent-atemzugvolumen-waehrend-beatmung,StructureDefinition/mii-pr-icu-vent-atemwegsdruck-mittlerem-expiratorischem-gasfluss,StructureDefinition/mii-pr-icu-dm-eingestellte-gemessene-parameter-beatmung,StructureDefinition/mii-pr-icu-vent-spontanes-atemzugvolumen,StructureDefinition/mii-pr-icu-vent-mechanische-atemfrequenz-beatmet,StructureDefinition/mii-pr-icu-vent-beatmungszeit-hohem-druck,StructureDefinition/mii-pr-icu-vent-inspiratorischer-gasfluss,StructureDefinition/mii-pr-icu-vent-mittlerer-inspiratorischer-beatmungsdruck,StructureDefinition/mii-pr-icu-vent-spontanes-plus-mechanisches-atemzugvolumen,StructureDefinition/mii-pr-icu-vent-endexpiratorischer-kohlendioxidpartialdruck,StructureDefinition/mii-pr-icu-vent-zeitverhaeltnis-ein-ausatmung,StructureDefinition/mii-pr-icu-vent-spontane-atemfrequenz-beatmet,StructureDefinition/mii-pr-icu-vent-exspiratorischer-sauerstoffpartialdruck,StructureDefinition/mii-pr-icu-vent-mittlerer-beatmungsdruck,StructureDefinition/mii-pr-icu-vent-beatmungsvolumen-min-maschineller-beatmung,StructureDefinition/mii-pr-icu-vent-inspiratorische-sauerstofffraktion,StructureDefinition/mii-pr-icu-vent-maximaler-beatmungsdruck,StructureDefinition/mii-pr-icu-vent-unterstuetzungsdruck-beatmung,StructureDefinition/mii-pr-icu-vent-positiv-endexpiratorischer-druck,StructureDefinition/mii-pr-icu-vent-plateau-beatmungsdruck,StructureDefinition/mii-pr-icu-parameter-von-beatmung,StructureDefinition/mii-pr-icu-vent-exspiratorischer-gasfluss,StructureDefinition/mii-pr-icu-vent-beatmungszeit-niedrigem-druck,StructureDefinition/mii-pr-icu-vent-atemzugvolumen-einstellung,StructureDefinition/mii-pr-icu-vent-atemwegsdruck-bei-null-expiratorischem-gasfluss,StructureDefinition/mii-pr-icu-vent-horowitz-in-arteriellem-blut,StructureDefinition/mii-pr-icu-vent-einstellung-einatmungszeit-beatmung,StructureDefinition/mii-pr-icu-vent-druckdifferenz-beatmung,StructureDefinition/mii-pr-icu-beatmung,StructureDefinition/mii-pr-icu-vent-dynamische-kompliance,StructureDefinition/mii-pr-icu-vent-eingestellter-inspiratorischer-gasfluss,StructureDefinition/mii-pr-icu-vent-maximaler-inspiratorischer-beatmungsdruck,StructureDefinition/mii-pr-icu-vent-einstellung-ausatmungszeit-beatmung,StructureDefinition/mii-pr-icu-vent-spontane-mechanische-atemfrequenz-beatmet","SCT"
https://www.medizininformatik-initiative.de/fhir/ext/modul-icu/ValueSet/mii-vs-icu-code-extrakorporale-verfahren,2026.0.3,active,,MII_VS_ICU_Code_Extrakorporale_Verfahren,MII VS ICU Code Extrakorporale Verfahren,"Mögliche Codes für extrakorporale Verfahren. Für die Einteilung und Interpretation in Bezug auf unterschiedliche Detail-Level beachte den zugehörigen implementationguide.","StructureDefinition/mii-pr-icu-extrakorporales-verfahren","SCT"
https://www.medizininformatik-initiative.de/fhir/ext/modul-icu/ValueSet/mii-vs-icu-code-monitoring-und-vitaldaten-iso11073,2026.0.3,active,,MII_VS_ICU_Code_Monitoring_und_Vitaldaten_ISO11073,MII VS ICU Code Monitoring und Vitaldaten ISO11073,"Dieses ValueSet enthält Codes für Vitaldaten sowie Daten aus dem Patientenmonitoring.",,"hl7.terminology.r4"
https://www.medizininformatik-initiative.de/fhir/ext/modul-icu/ValueSet/mii-vs-icu-code-monitoring-und-vitaldaten-loinc,2026.0.3,active,,MII_VS_ICU_Code_Monitoring_und_Vitaldaten_LOINC,MII VS ICU Code Monitoring und Vitaldaten LOINC,"Dieses ValueSet enthält Codes für Vitaldaten sowie Daten aus dem Patientenmonitoring.",,"LOINC"
https://www.medizininformatik-initiative.de/fhir/ext/modul-icu/ValueSet/mii-vs-icu-code-monitoring-und-vitaldaten-snomed,2026.0.3,active,,MII_VS_ICU_Code_Monitoring_und_Vitaldaten_SNOMED,MII VS ICU Code Monitoring und Vitaldaten SNOMED,"Dieses ValueSet enthält Codes für Vitaldaten sowie Daten aus dem Patientenmonitoring.",,"SCT"
https://www.medizininformatik-initiative.de/fhir/ext/modul-icu/ValueSet/mii-vs-icu-code-observation-beatmung-iso11073,2026.0.3,active,,MII_VS_ICU_Code_Observation_Beatmung_ISO11073,MII VS ICU Code Observation Beatmung ISO11073,"Dieses ValueSet enthält Codes für die im Kontext einer Beatmung verwendeten Parameter.","StructureDefinition/mii-pr-icu-vent-atemzugvolumen-waehrend-beatmung,StructureDefinition/mii-pr-icu-vent-atemwegsdruck-mittlerem-expiratorischem-gasfluss,StructureDefinition/mii-pr-icu-vent-spontanes-atemzugvolumen,StructureDefinition/mii-pr-icu-vent-mechanische-atemfrequenz-beatmet,StructureDefinition/mii-pr-icu-vent-beatmungszeit-hohem-druck,StructureDefinition/mii-pr-icu-vent-inspiratorischer-gasfluss,StructureDefinition/mii-pr-icu-vent-mittlerer-inspiratorischer-beatmungsdruck,StructureDefinition/mii-pr-icu-vent-spontanes-plus-mechanisches-atemzugvolumen,StructureDefinition/mii-pr-icu-vent-endexpiratorischer-kohlendioxidpartialdruck,StructureDefinition/mii-pr-icu-vent-zeitverhaeltnis-ein-ausatmung,StructureDefinition/mii-pr-icu-vent-spontane-atemfrequenz-beatmet,StructureDefinition/mii-pr-icu-vent-exspiratorischer-sauerstoffpartialdruck,StructureDefinition/mii-pr-icu-vent-mittlerer-beatmungsdruck,StructureDefinition/mii-pr-icu-vent-beatmungsvolumen-min-maschineller-beatmung,StructureDefinition/mii-pr-icu-vent-inspiratorische-sauerstofffraktion,StructureDefinition/mii-pr-icu-vent-maximaler-beatmungsdruck,StructureDefinition/mii-pr-icu-vent-unterstuetzungsdruck-beatmung,StructureDefinition/mii-pr-icu-vent-positiv-endexpiratorischer-druck,StructureDefinition/mii-pr-icu-vent-plateau-beatmungsdruck,StructureDefinition/mii-pr-icu-parameter-von-beatmung,StructureDefinition/mii-pr-icu-vent-exspiratorischer-gasfluss,StructureDefinition/mii-pr-icu-vent-beatmungszeit-niedrigem-druck,StructureDefinition/mii-pr-icu-vent-atemzugvolumen-einstellung,StructureDefinition/mii-pr-icu-vent-atemwegsdruck-bei-null-expiratorischem-gasfluss,StructureDefinition/mii-pr-icu-vent-horowitz-in-arteriellem-blut,StructureDefinition/mii-pr-icu-vent-einstellung-einatmungszeit-beatmung,StructureDefinition/mii-pr-icu-vent-druckdifferenz-beatmung,StructureDefinition/mii-pr-icu-vent-dynamische-kompliance,StructureDefinition/mii-pr-icu-vent-eingestellter-inspiratorischer-gasfluss,StructureDefinition/mii-pr-icu-vent-maximaler-inspiratorischer-beatmungsdruck,StructureDefinition/mii-pr-icu-vent-einstellung-ausatmungszeit-beatmung,StructureDefinition/mii-pr-icu-vent-spontane-mechanische-atemfrequenz-beatmet","hl7.terminology.r4"
https://www.medizininformatik-initiative.de/fhir/ext/modul-icu/ValueSet/mii-vs-icu-code-observation-beatmung-loinc,2026.0.3,active,,MII_VS_ICU_Code_Observation_Beatmung_LOINC,MII VS ICU Code Observation Beatmung LOINC,"Dieses ValueSet enthält Codes für die im Kontext einer Beatmung verwendeten Parameter.","StructureDefinition/mii-pr-icu-vent-atemzugvolumen-waehrend-beatmung,StructureDefinition/mii-pr-icu-vent-atemwegsdruck-mittlerem-expiratorischem-gasfluss,StructureDefinition/mii-pr-icu-vent-spontanes-atemzugvolumen,StructureDefinition/mii-pr-icu-vent-mechanische-atemfrequenz-beatmet,StructureDefinition/mii-pr-icu-vent-beatmungszeit-hohem-druck,StructureDefinition/mii-pr-icu-vent-inspiratorischer-gasfluss,StructureDefinition/mii-pr-icu-vent-mittlerer-inspiratorischer-beatmungsdruck,StructureDefinition/mii-pr-icu-vent-spontanes-plus-mechanisches-atemzugvolumen,StructureDefinition/mii-pr-icu-vent-endexpiratorischer-kohlendioxidpartialdruck,StructureDefinition/mii-pr-icu-vent-zeitverhaeltnis-ein-ausatmung,StructureDefinition/mii-pr-icu-vent-spontane-atemfrequenz-beatmet,StructureDefinition/mii-pr-icu-vent-exspiratorischer-sauerstoffpartialdruck,StructureDefinition/mii-pr-icu-vent-mittlerer-beatmungsdruck,StructureDefinition/mii-pr-icu-vent-beatmungsvolumen-min-maschineller-beatmung,StructureDefinition/mii-pr-icu-vent-inspiratorische-sauerstofffraktion,StructureDefinition/mii-pr-icu-vent-maximaler-beatmungsdruck,StructureDefinition/mii-pr-icu-vent-unterstuetzungsdruck-beatmung,StructureDefinition/mii-pr-icu-vent-positiv-endexpiratorischer-druck,StructureDefinition/mii-pr-icu-vent-plateau-beatmungsdruck,StructureDefinition/mii-pr-icu-parameter-von-beatmung,StructureDefinition/mii-pr-icu-vent-exspiratorischer-gasfluss,StructureDefinition/mii-pr-icu-vent-beatmungszeit-niedrigem-druck,StructureDefinition/mii-pr-icu-vent-atemzugvolumen-einstellung,StructureDefinition/mii-pr-icu-vent-atemwegsdruck-bei-null-expiratorischem-gasfluss,StructureDefinition/mii-pr-icu-vent-horowitz-in-arteriellem-blut,StructureDefinition/mii-pr-icu-vent-einstellung-einatmungszeit-beatmung,StructureDefinition/mii-pr-icu-vent-druckdifferenz-beatmung,StructureDefinition/mii-pr-icu-vent-dynamische-kompliance,StructureDefinition/mii-pr-icu-vent-eingestellter-inspiratorischer-gasfluss,StructureDefinition/mii-pr-icu-vent-maximaler-inspiratorischer-beatmungsdruck,StructureDefinition/mii-pr-icu-vent-einstellung-ausatmungszeit-beatmung,StructureDefinition/mii-pr-icu-vent-spontane-mechanische-atemfrequenz-beatmet","LOINC"
https://www.medizininformatik-initiative.de/fhir/ext/modul-icu/ValueSet/mii-vs-icu-code-observation-beatmung-snomed,2026.0.3,active,,MII_VS_ICU_Code_Observation_Beatmung_SNOMED,MII VS ICU Code Observation Beatmung SNOMED,"Dieses ValueSet enthält Codes für die im Kontext einer Beatmung verwendeten Parameter.","StructureDefinition/mii-pr-icu-vent-atemzugvolumen-waehrend-beatmung,StructureDefinition/mii-pr-icu-vent-atemwegsdruck-mittlerem-expiratorischem-gasfluss,StructureDefinition/mii-pr-icu-vent-spontanes-atemzugvolumen,StructureDefinition/mii-pr-icu-vent-mechanische-atemfrequenz-beatmet,StructureDefinition/mii-pr-icu-vent-beatmungszeit-hohem-druck,StructureDefinition/mii-pr-icu-vent-inspiratorischer-gasfluss,StructureDefinition/mii-pr-icu-vent-mittlerer-inspiratorischer-beatmungsdruck,StructureDefinition/mii-pr-icu-vent-spontanes-plus-mechanisches-atemzugvolumen,StructureDefinition/mii-pr-icu-vent-endexpiratorischer-kohlendioxidpartialdruck,StructureDefinition/mii-pr-icu-vent-zeitverhaeltnis-ein-ausatmung,StructureDefinition/mii-pr-icu-vent-spontane-atemfrequenz-beatmet,StructureDefinition/mii-pr-icu-vent-exspiratorischer-sauerstoffpartialdruck,StructureDefinition/mii-pr-icu-vent-mittlerer-beatmungsdruck,StructureDefinition/mii-pr-icu-vent-beatmungsvolumen-min-maschineller-beatmung,StructureDefinition/mii-pr-icu-vent-inspiratorische-sauerstofffraktion,StructureDefinition/mii-pr-icu-vent-maximaler-beatmungsdruck,StructureDefinition/mii-pr-icu-vent-unterstuetzungsdruck-beatmung,StructureDefinition/mii-pr-icu-vent-positiv-endexpiratorischer-druck,StructureDefinition/mii-pr-icu-vent-plateau-beatmungsdruck,StructureDefinition/mii-pr-icu-parameter-von-beatmung,StructureDefinition/mii-pr-icu-vent-exspiratorischer-gasfluss,StructureDefinition/mii-pr-icu-vent-beatmungszeit-niedrigem-druck,StructureDefinition/mii-pr-icu-vent-atemzugvolumen-einstellung,StructureDefinition/mii-pr-icu-vent-atemwegsdruck-bei-null-expiratorischem-gasfluss,StructureDefinition/mii-pr-icu-vent-horowitz-in-arteriellem-blut,StructureDefinition/mii-pr-icu-vent-einstellung-einatmungszeit-beatmung,StructureDefinition/mii-pr-icu-vent-druckdifferenz-beatmung,StructureDefinition/mii-pr-icu-vent-dynamische-kompliance,StructureDefinition/mii-pr-icu-vent-eingestellter-inspiratorischer-gasfluss,StructureDefinition/mii-pr-icu-vent-maximaler-inspiratorischer-beatmungsdruck,StructureDefinition/mii-pr-icu-vent-einstellung-ausatmungszeit-beatmung,StructureDefinition/mii-pr-icu-vent-spontane-mechanische-atemfrequenz-beatmet","SCT"
https://www.medizininformatik-initiative.de/fhir/ext/modul-icu/ValueSet/mii-vs-icu-code-observation-bilanzen-iso11073,2026.0.3,active,,MII_VS_ICU_Code_Observation_Bilanzen_ISO11073,MII VS ICU Code Observation Bilanzen ISO11073,"Dieses ValueSet enthaelt Codes fuer die im Kontext einer Bilanz verwendeten ISO/IEEE 11073-Parameter.","StructureDefinition/mii-pr-icu-bilanz-ausfuhr-haemofiltration-einzelmesswerte,StructureDefinition/mii-pr-icu-bilanz-ausfuhr-gallenfluessigkeit,StructureDefinition/mii-pr-icu-bilanz-ausfuhr-magensonde,StructureDefinition/mii-pr-icu-bilanz-ausfuhr-blutverlust,StructureDefinition/mii-pr-icu-bilanz-einfuhr-abgepumpte-muttermilch,StructureDefinition/mii-pr-icu-bilanz,StructureDefinition/mii-pr-icu-bilanz-ausfuhr-fluessigkeit-gesamt,StructureDefinition/mii-pr-icu-bilanz-ausfuhr-stuhlgang,StructureDefinition/mii-pr-icu-bilanz-einfuhr-saeuglingsnahrung,StructureDefinition/mii-pr-icu-bilanz-tagesbilanz-fluessigkeit,StructureDefinition/mii-pr-icu-bilanz-einfuhr-muttermilch,StructureDefinition/mii-pr-icu-bilanz-ausfuhr-pankreasdrainage,StructureDefinition/mii-pr-icu-bilanz-einfuhr-spendermilch,StructureDefinition/mii-pr-icu-bilanz-einfuhr-orale-fluessigkeit,StructureDefinition/mii-pr-icu-bilanz-einfuhr-fluessigkeit-gesamt,StructureDefinition/mii-pr-icu-bilanz-ausfuhr-op-drainage,StructureDefinition/mii-pr-icu-bilanz-einfuhr-enterale-fluessigkeit,StructureDefinition/mii-pr-icu-bilanz-ausfuhr-urin,StructureDefinition/mii-pr-icu-bilanz-ausfuhr-drainage-generisch,StructureDefinition/mii-pr-icu-bilanz-ausfuhr-wunddrainage","hl7.terminology.r4"
https://www.medizininformatik-initiative.de/fhir/ext/modul-icu/ValueSet/mii-vs-icu-code-observation-bilanzen-loinc,2026.0.3,active,,MII_VS_ICU_Code_Observation_Bilanzen_LOINC,MII VS ICU Code Observation Bilanzen LOINC,"Dieses ValueSet enthaelt Codes fuer die im Kontext einer Bilanz verwendeten LOINC-Parameter.","StructureDefinition/mii-pr-icu-bilanz-ausfuhr-haemofiltration-einzelmesswerte,StructureDefinition/mii-pr-icu-bilanz-ausfuhr-gallenfluessigkeit,StructureDefinition/mii-pr-icu-bilanz-ausfuhr-magensonde,StructureDefinition/mii-pr-icu-bilanz-ausfuhr-blutverlust,StructureDefinition/mii-pr-icu-bilanz-einfuhr-abgepumpte-muttermilch,StructureDefinition/mii-pr-icu-bilanz,StructureDefinition/mii-pr-icu-bilanz-ausfuhr-fluessigkeit-gesamt,StructureDefinition/mii-pr-icu-bilanz-ausfuhr-stuhlgang,StructureDefinition/mii-pr-icu-bilanz-einfuhr-saeuglingsnahrung,StructureDefinition/mii-pr-icu-bilanz-tagesbilanz-fluessigkeit,StructureDefinition/mii-pr-icu-bilanz-einfuhr-muttermilch,StructureDefinition/mii-pr-icu-bilanz-ausfuhr-pankreasdrainage,StructureDefinition/mii-pr-icu-bilanz-einfuhr-spendermilch,StructureDefinition/mii-pr-icu-bilanz-einfuhr-orale-fluessigkeit,StructureDefinition/mii-pr-icu-bilanz-einfuhr-fluessigkeit-gesamt,StructureDefinition/mii-pr-icu-bilanz-ausfuhr-op-drainage,StructureDefinition/mii-pr-icu-bilanz-einfuhr-enterale-fluessigkeit,StructureDefinition/mii-pr-icu-bilanz-ausfuhr-urin,StructureDefinition/mii-pr-icu-bilanz-ausfuhr-drainage-generisch,StructureDefinition/mii-pr-icu-bilanz-ausfuhr-wunddrainage","LOINC"
https://www.medizininformatik-initiative.de/fhir/ext/modul-icu/ValueSet/mii-vs-icu-code-observation-bilanzen-snomed,2026.0.3,active,,MII_VS_ICU_Code_Observation_Bilanzen_SNOMED,MII VS ICU Code Observation Bilanzen SNOMED,"Dieses ValueSet enthaelt Codes fuer die im Kontext einer Bilanz verwendeten SNOMED-Parameter.","StructureDefinition/mii-pr-icu-bilanz-ausfuhr-haemofiltration-einzelmesswerte,StructureDefinition/mii-pr-icu-bilanz-ausfuhr-gallenfluessigkeit,StructureDefinition/mii-pr-icu-bilanz-ausfuhr-magensonde,StructureDefinition/mii-pr-icu-bilanz-ausfuhr-blutverlust,StructureDefinition/mii-pr-icu-bilanz-einfuhr-abgepumpte-muttermilch,StructureDefinition/mii-pr-icu-bilanz,StructureDefinition/mii-pr-icu-bilanz-ausfuhr-fluessigkeit-gesamt,StructureDefinition/mii-pr-icu-bilanz-ausfuhr-stuhlgang,StructureDefinition/mii-pr-icu-bilanz-einfuhr-saeuglingsnahrung,StructureDefinition/mii-pr-icu-bilanz-tagesbilanz-fluessigkeit,StructureDefinition/mii-pr-icu-bilanz-einfuhr-muttermilch,StructureDefinition/mii-pr-icu-bilanz-ausfuhr-pankreasdrainage,StructureDefinition/mii-pr-icu-bilanz-einfuhr-spendermilch,StructureDefinition/mii-pr-icu-bilanz-einfuhr-orale-fluessigkeit,StructureDefinition/mii-pr-icu-bilanz-einfuhr-fluessigkeit-gesamt,StructureDefinition/mii-pr-icu-bilanz-ausfuhr-op-drainage,StructureDefinition/mii-pr-icu-bilanz-einfuhr-enterale-fluessigkeit,StructureDefinition/mii-pr-icu-bilanz-ausfuhr-urin,StructureDefinition/mii-pr-icu-bilanz-ausfuhr-drainage-generisch,StructureDefinition/mii-pr-icu-bilanz-ausfuhr-wunddrainage","SCT"
https://www.medizininformatik-initiative.de/fhir/ext/modul-icu/ValueSet/mii-vs-icu-code-observation-extrakorporale-verfahren-loinc,2026.0.3,active,,MII_VS_ICU_Code_Observation_extrakorporale_Verfahren_LOINC,MII VS ICU Code Observation extrakorporale Verfahren LOINC,"Dieses ValueSet enthält Codes für die im Kontext von extrakoralen Verfahren eingestellten oder gemessenen Parametern.","StructureDefinition/mii-pr-icu-ect-ionisiertes-kalzium-nierenersatzverfahren,StructureDefinition/mii-pr-icu-ect-gasfluss,StructureDefinition/mii-pr-icu-ect-dauer-extrakorporaler-gasaustausch,StructureDefinition/mii-pr-icu-ect-substituatvolumen,StructureDefinition/mii-pr-icu-ect-substituatfluss,StructureDefinition/mii-pr-icu-ect-blutflussindex-extrakorporaler-gasaustausch,StructureDefinition/mii-pr-icu-ect-blutfluss-extrakorporaler-gasaustausch,StructureDefinition/mii-pr-icu-ect-haemodialyse-blutfluss,StructureDefinition/mii-pr-icu-ect-arterieller-druck,StructureDefinition/mii-pr-icu-ect-blutfluss-cardiovasculaeres-geraet,StructureDefinition/mii-pr-icu-ect-dauer-haemodialysesitzung,StructureDefinition/mii-pr-icu-ect-venoeser-druck,StructureDefinition/mii-pr-icu-parameter-von-extrakorporalen-verfahren","LOINC"
https://www.medizininformatik-initiative.de/fhir/ext/modul-icu/ValueSet/mii-vs-icu-code-observation-extrakorporale-verfahren-loinc,2026.0.3,active,,MII_VS_ICU_Code_Observation_extrakorporale_Verfahren_ISO11073,MII VS ICU Code Observation extrakorporale Verfahren ISO11073,"Dieses ValueSet enthält Codes für die im Kontext von extrakoralen Verfahren eingestellten oder gemessenen Parametern.",,
https://www.medizininformatik-initiative.de/fhir/ext/modul-icu/ValueSet/mii-vs-icu-code-observation-extrakorporale-verfahren-snomed,2026.0.3,active,,MII_VS_ICU_Code_Observation_extrakorporale_Verfahren_SNOMED,MII VS ICU Code Observation extrakorporale Verfahren SNOMED,"Dieses ValueSet enthält Codes für die im Kontext von extrakoralen Verfahren eingestellten oder gemessenen Parametern.","StructureDefinition/mii-pr-icu-ect-ionisiertes-kalzium-nierenersatzverfahren,StructureDefinition/mii-pr-icu-ect-gasfluss,StructureDefinition/mii-pr-icu-ect-dauer-extrakorporaler-gasaustausch,StructureDefinition/mii-pr-icu-ect-substituatvolumen,StructureDefinition/mii-pr-icu-ect-substituatfluss,StructureDefinition/mii-pr-icu-ect-blutflussindex-extrakorporaler-gasaustausch,StructureDefinition/mii-pr-icu-ect-blutfluss-extrakorporaler-gasaustausch,StructureDefinition/mii-pr-icu-ect-haemodialyse-blutfluss,StructureDefinition/mii-pr-icu-ect-arterieller-druck,StructureDefinition/mii-pr-icu-ect-blutfluss-cardiovasculaeres-geraet,StructureDefinition/mii-pr-icu-ect-dauer-haemodialysesitzung,StructureDefinition/mii-pr-icu-ect-venoeser-druck,StructureDefinition/mii-pr-icu-parameter-von-extrakorporalen-verfahren","SCT"
https://www.medizininformatik-initiative.de/fhir/ext/modul-icu/ValueSet/mii-vs-icu-code-observation-pupillengroesse,2026.0.3,active,,MII_VS_ICU_Code_Observation_Pupillengroesse,MII VS ICU Code Observation Pupillengroesse,"","StructureDefinition/mii-pr-icu-untersuchung-pupillengroesse","SCT"
https://www.medizininformatik-initiative.de/fhir/ext/modul-icu/ValueSet/mii-vs-icu-code-observation-pupillenlichtreaktion,2026.0.3,draft,,MII_VS_ICU_Code_Observation_Pupillenlichtreaktion,MII VS ICU Code Observation Pupillenlichtreaktion,"Subset der LOINC AnswerList LL3762-3 fuer die Pupillen-Lichtreaktion: reaktiv, traege reaktiv, nicht reaktiv.","StructureDefinition/mii-pr-icu-untersuchung-pupillenlichtreaktion-indirekt,StructureDefinition/mii-pr-icu-untersuchung-pupillenlichtreaktion-direkt","LOINC"
https://www.medizininformatik-initiative.de/fhir/ext/modul-icu/ValueSet/mii-vs-icu-code-observation-pupillensymmetrie,2026.0.3,active,,MII_VS_ICU_Code_Observation_Pupillensymmetrie,MII VS ICU Code Observation Pupillensymmetrie,"","StructureDefinition/mii-pr-icu-untersuchung-pupillensymmetrie","SCT"
https://www.medizininformatik-initiative.de/fhir/ext/modul-icu/ValueSet/mii-vs-icu-code-oservation-pupillenform-loinc,2026.0.3,draft,,MII_VS_ICU_Code_Observation_Pupillenform_LOINC,MII VS ICU Code Observation Pupillenform LOINC,"Kategoriale Beurteilung der Pupillenform/Regularitaet: regelmaessig (rund) oder unregelmaessig. Zulaessig sind SNOMED-Findings und/oder LOINC-Antwortcodes.","StructureDefinition/mii-pr-icu-untersuchung-pupillenform","LOINC"
https://www.medizininformatik-initiative.de/fhir/ext/modul-icu/ValueSet/mii-vs-icu-code-procedure-beatmung-snomed,2026.0.3,active,,MII_VS_ICU_Code_Procedure_Beatmung_SNOMED,MII VS ICU Code Procedure Beatmung SNOMED,"","StructureDefinition/mii-pr-icu-beatmung","SCT"
https://www.medizininformatik-initiative.de/fhir/ext/modul-icu/ValueSet/mii-vs-icu-component-gcs-eyes,2026.0.3,active,,MII_VS_ICU_Component_GCS_Eyes,MII VS ICU Component GCS Eyes,"","StructureDefinition/mii-pr-icu-score-gcs","LOINC"
https://www.medizininformatik-initiative.de/fhir/ext/modul-icu/ValueSet/mii-vs-icu-component-gcs-motor,2026.0.3,active,,MII_VS_ICU_Component_GCS_Motor,MII VS ICU Component GCS Motor,"","StructureDefinition/mii-pr-icu-score-gcs","LOINC"
https://www.medizininformatik-initiative.de/fhir/ext/modul-icu/ValueSet/mii-vs-icu-component-gcs-verbal,2026.0.3,active,,MII_VS_ICU_Component_GCS_Verbal,MII VS ICU Component GCS Verbal,"","StructureDefinition/mii-pr-icu-score-gcs","LOINC"
https://www.medizininformatik-initiative.de/fhir/ext/modul-icu/ValueSet/mii-vs-icu-devicemetric-extrakorporale-verfahren,2026.0.3,active,,MII_VS_ICU_DeviceMetric_extrakorporale_Verfahren,MII VS ICU DeviceMetric extrakorporale Verfahren,"","StructureDefinition/mii-pr-icu-dm-eingest-gem-parameter-extrakorporale-verfahren","SCT"
https://www.medizininformatik-initiative.de/fhir/ext/modul-icu/ValueSet/mii-vs-icu-method-observation-blutdruck,2026.0.3,active,,MII_VS_ICU_Method_Observation_Blutdruck,MII VS ICU Method Observation Blutdruck,"Dieses ValueSet enthält Codes zur Angabe, ob ein Blutdruck invasiv oder nicht-invasiv gemessen ist.",,"SCT"
https://www.medizininformatik-initiative.de/fhir/ext/modul-icu/ValueSet/mii-vs-icu-score-rass,2026.0.3,draft,,MII_VS_ICU_Score_RASS,MII VS ICU Score RASS,"Value set for RASS Score","StructureDefinition/mii-pr-icu-score-rass","LOINC"
https://www.medizininformatik-initiative.de/fhir/ext/modul-icu/ValueSet/mii-vs-icu-unit-equivalent-ucum-beats-per-minute,2026.0.3,active,,MII_VS_ICU_Unit_equivalent_UCUM_beats_per_minute,MII VS ICU Unit equivalent UCUM beats per minute,"Dieses ValueSet enthält äquivalente Codes für Herzschläge pro Minute.","StructureDefinition/mii-pr-icu-muv-herzfrequenz","UCUM"
https://www.medizininformatik-initiative.de/fhir/ext/modul-icu/ValueSet/mii-vs-icu-unit-equivalent-ucum-breaths-per-minute,2026.0.3,active,,MII_VS_ICU_Unit_equivalent_UCUM_breaths_per_minute,MII VS ICU Unit equivalent UCUM breaths per minute,"Dieses ValueSet enthält äquivalente Codes für Atemzüge pro Minute.","StructureDefinition/mii-pr-icu-muv-atemfrequenz","UCUM"
https://www.medizininformatik-initiative.de/fhir/ext/modul-icu/ValueSet/mii-vs-icu-unit-equivalent-ucum-dyn-s-cm5-m2,2026.0.3,active,,MII_VS_ICU_Unit_equivalent_UCUM_dyn_s_cm5_m2,MII VS ICU Unit equivalent UCUM dyn.s/cm5/m2,"Dieses ValueSet enthält äquivalente Codes für dyn.s/cm5/m2.",,"UCUM"
https://www.medizininformatik-initiative.de/fhir/ext/modul-icu/ValueSet/mii-vs-icu-unit-equivalent-ucum-l-per-minute,2026.0.3,active,,MII_VS_ICU_Unit_equivalent_UCUM_L_per_minute,MII VS ICU Unit equivalent UCUM L per minute,"Dieses ValueSet enthält äquivalente Codes für Liter pro Minute.",,"UCUM"
https://www.medizininformatik-initiative.de/fhir/ext/modul-icu/ValueSet/mii-vs-icu-unit-equivalent-ucum-l-per-minute-and-squaremeter,2026.0.3,active,,MII_VS_ICU_Unit_equivalent_UCUM_L_per_minute_and_squaremeter,MII VS ICU Unit equivalent UCUM L per minute and squaremeter,"Dieses ValueSet enthält äquivalente Codes für Liter pro Minute .",,"UCUM"
https://www.medizininformatik-initiative.de/fhir/ext/modul-icu/ValueSet/mii-vs-icu-unit-equivalent-ucum-milliliter,2026.0.3,active,,MII_VS_ICU_Unit_equivalent_UCUM_milliliter,MII VS ICU Unit equivalent UCUM milliliter,"Dieses ValueSet enthält äquivalente Codes für Milliliter.","StructureDefinition/mii-pr-icu-bilanz-ausfuhr-haemofiltration-einzelmesswerte,StructureDefinition/mii-pr-icu-bilanz-ausfuhr-gallenfluessigkeit,StructureDefinition/mii-pr-icu-bilanz-ausfuhr-magensonde,StructureDefinition/mii-pr-icu-bilanz-ausfuhr-blutverlust,StructureDefinition/mii-pr-icu-bilanz-einfuhr-abgepumpte-muttermilch,StructureDefinition/mii-pr-icu-bilanz-ausfuhr-fluessigkeit-gesamt,StructureDefinition/mii-pr-icu-bilanz-ausfuhr-stuhlgang,StructureDefinition/mii-pr-icu-bilanz-einfuhr-saeuglingsnahrung,StructureDefinition/mii-pr-icu-bilanz-tagesbilanz-fluessigkeit,StructureDefinition/mii-pr-icu-bilanz-einfuhr-muttermilch,StructureDefinition/mii-pr-icu-bilanz-ausfuhr-pankreasdrainage,StructureDefinition/mii-pr-icu-bilanz-einfuhr-spendermilch,StructureDefinition/mii-pr-icu-bilanz-einfuhr-orale-fluessigkeit,StructureDefinition/mii-pr-icu-bilanz-einfuhr-fluessigkeit-gesamt,StructureDefinition/mii-pr-icu-bilanz-ausfuhr-op-drainage,StructureDefinition/mii-pr-icu-bilanz-einfuhr-enterale-fluessigkeit,StructureDefinition/mii-pr-icu-bilanz-ausfuhr-urin,StructureDefinition/mii-pr-icu-bilanz-ausfuhr-drainage-generisch,StructureDefinition/mii-pr-icu-bilanz-ausfuhr-wunddrainage","UCUM"
https://www.medizininformatik-initiative.de/fhir/ext/modul-icu/ValueSet/mii-vs-icu-unit-equivalent-ucum-percent-1,2026.0.3,active,,MII_VS_ICU_Unit_equivalent_percent_1,MII VS ICU Unit equivalent percent 1,"Dieses ValueSet enthält äquivalente Codes für Prozent und 1.",,"UCUM"
https://www.medizininformatik-initiative.de/fhir/ext/modul-icu/ValueSet/present-absent,2026.0.3,active,,MII_VS_ICU_Present_Absent,MII VS ICU Present Absent,"Present or absent findings","StructureDefinition/mii-pr-icu-score-cam-icu,StructureDefinition/mii-pr-icu-score-zopa","SCT"
https://www.medizininformatik-initiative.de/fhir/ext/modul-icu/ValueSet/score-category,2026.0.3,active,,MII_VS_ICU_Score_Category,MII VS ICU Score Category,"Value set for ICU score observation categories",,"SCT"
https://www.medizininformatik-initiative.de/fhir/ext/modul-icu/ValueSet/score-loinc,2026.0.3,draft,,MII_VS_ICU_Score_LOINC,MII VS ICU Score LOINC,"Value set for scores - LOINC codes",,"LOINC"
https://www.medizininformatik-initiative.de/fhir/ext/modul-icu/ValueSet/score-snomed,2026.0.3,draft,,MII_VS_ICU_Score_SNOMED,MII VS Score SNOMED CT,"Value set for cores - SNOMED CT codes",,"SCT"
